-- phpMyAdmin SQL Dump
-- version 5.2.1
-- https://www.phpmyadmin.net/
--
-- Host: localhost:3306
-- Generation Time: May 07, 2024 at 04:53 PM
-- Server version: 8.0.37
-- PHP Version: 8.1.27

SET SQL_MODE = "NO_AUTO_VALUE_ON_ZERO";
START TRANSACTION;
SET time_zone = "+00:00";


/*!40101 SET @OLD_CHARACTER_SET_CLIENT=@@CHARACTER_SET_CLIENT */;
/*!40101 SET @OLD_CHARACTER_SET_RESULTS=@@CHARACTER_SET_RESULTS */;
/*!40101 SET @OLD_COLLATION_CONNECTION=@@COLLATION_CONNECTION */;
/*!40101 SET NAMES utf8mb4 */;

--
-- Database: `promoti5_Promotions`
--

-- --------------------------------------------------------

--
-- Table structure for table `Promotion_Names`
--

CREATE TABLE `Promotion_Names` (
  `id` int NOT NULL,
  `abbreviation` varchar(10) CHARACTER SET utf8mb4 COLLATE utf8mb4_unicode_ci NOT NULL,
  `promotion_name` varchar(255) CHARACTER SET utf8mb4 COLLATE utf8mb4_unicode_ci NOT NULL,
  `startDate` date DEFAULT NULL,
  `endDate` date DEFAULT NULL,
  `mainPicture` varchar(255) CHARACTER SET utf8mb4 COLLATE utf8mb4_unicode_ci DEFAULT NULL,
  `uploadFolder` varchar(255) CHARACTER SET utf8mb4 COLLATE utf8mb4_unicode_ci NOT NULL
) ENGINE=InnoDB DEFAULT CHARSET=utf8mb4 COLLATE=utf8mb4_unicode_ci;

--
-- Dumping data for table `Promotion_Names`
--

INSERT INTO `Promotion_Names` (`id`, `abbreviation`, `promotion_name`, `startDate`, `endDate`, `mainPicture`, `uploadFolder`) VALUES
(1, 'PSP', 'Pure Scholars 2023', '2023-06-12', '2023-08-07', 'purefoods_logo.png', './uploads/pure-scholars/'),
(2, 'PMCP', 'Pure Money Christmas 2023', '2023-10-30', '2023-12-23', 'purefoods_logo.png', './uploads/pure-money-christmas/');

-- --------------------------------------------------------

--
-- Table structure for table `PureMoneyChristmas_Forms`
--

CREATE TABLE `PureMoneyChristmas_Forms` (
  `id` int NOT NULL,
  `title` varchar(5) CHARACTER SET utf8mb4 COLLATE utf8mb4_unicode_ci NOT NULL,
  `first_name` varchar(50) CHARACTER SET utf8mb4 COLLATE utf8mb4_unicode_ci NOT NULL,
  `last_name` varchar(50) CHARACTER SET utf8mb4 COLLATE utf8mb4_unicode_ci NOT NULL,
  `email_addr` varchar(50) CHARACTER SET utf8mb4 COLLATE utf8mb4_unicode_ci NOT NULL,
  `phone_num` varchar(10) CHARACTER SET utf8mb4 COLLATE utf8mb4_unicode_ci NOT NULL,
  `image` varchar(255) CHARACTER SET utf8mb4 COLLATE utf8mb4_unicode_ci NOT NULL
) ENGINE=InnoDB DEFAULT CHARSET=utf8mb4 COLLATE=utf8mb4_unicode_ci;

--
-- Dumping data for table `PureMoneyChristmas_Forms`
--

INSERT INTO `PureMoneyChristmas_Forms` (`id`, `title`, `first_name`, `last_name`, `email_addr`, `phone_num`, `image`) VALUES
(1, 'Mrs', 'Kameca', 'Walker-James', 'kwkamecawalker@gmail.com', '8764170791', 'PMCP000000_IMG-20231107-WA0047.jpg'),
(2, 'Ms', 'Kerry-Ann', 'Chisholm', 'kerryannchisholm33@gmail.con', '8767816923', 'PMCP000001_IMG_20231108_182952.jpg'),
(3, 'Mr', 'Raheem', 'Dorma', 'dormaraheem@gmail.com', '8767915480', 'PMCP000002_IMG_20231110_134350_848.jpg'),
(4, 'Mr', 'Raheem', 'Dorma', 'dormaraheem@gmail.com', '8767915480', 'PMCP000003_IMG_20231110_144916_762.jpg'),
(5, 'Ms', 'Shavanie', 'Sinclair', 'ashleybeauty208@gmail.com', '8763206313', 'PMCP000004_E7D52C8C-40AE-4F7D-9A86-69B5E0CBCCC0.jpeg'),
(6, 'Mrs', 'Janett', 'Myrie-Gordon', 'myriegordon2020@gmail.com', '8763732111', 'PMCP000005_IMG_20231115_094833.jpg'),
(7, 'Ms', 'Andrea', 'Whyne', 'keishawhyne@yahoo.com', '8764269353', 'PMCP000006_E332B228-ED82-474A-91FB-74AF21FCBB01.jpeg'),
(8, 'Ms', 'Kerry-Ann', 'Thomas', 'angellakerrie@yahoo.com', '8763329385', 'PMCP000007_inbound8841040368704450085.jpg'),
(9, 'Mrs', 'Jody', 'Lawrence-Sheq', 'jodylawrenceshea@icloud.com', '8762245650', 'PMCP000008_image.jpg'),
(10, 'Ms', 'Sidonae', 'Scott', 'sidonaescott@gmail.com', '8765568043', 'PMCP000009_20231118_215115.jpg'),
(11, 'Ms', 'Marlene', 'Jackson', 'marlenejackson06@gmail.com', '8768041302', 'PMCP000010_JPEG_20231119_215554_6861530252674413206.jpg'),
(12, 'Ms', 'Marlene', 'Jackson', 'marlenejackson06@gmail.com', '8768041302', 'PMCP000011_JPEG_20231119_215554_6861530252674413206.jpg'),
(13, 'Ms', 'Marlene', 'Jackson', 'marlenejackson06@gmail.com', '8768041302', 'PMCP000012_JPEG_20231119_215554_6861530252674413206.jpg'),
(14, 'Ms', 'KADIAN', 'AUSTIN', 'ISLANDMISTY@YAHOO.COM', '8763975372', 'PMCP000013_20231119_115543.jpg'),
(15, 'Ms', 'Shanieka', 'Austin', 'austinshanieka24@gmail.com', '8767925473', 'PMCP000014_20231122_131456.jpg'),
(16, 'Ms', 'Rasheeda', 'Bernard', 'rasheedabernard96@gmail.com', '8768444361', 'PMCP000015_IMG-20231123-WA0001.jpg'),
(17, 'Ms', 'Rasheeda', 'Bernard', 'rasheedabernard96@gmail.com', '8768444361', 'PMCP000016_IMG-20231123-WA0000.jpg'),
(18, 'Ms', 'Dianna', 'Dunkley', 'dunkleydianna1988@yahoo.com', '8764290865', 'PMCP000017_20231123_211038.jpg'),
(19, 'Mr', 'Devon', 'Simmonds', 'dsimmonds776@gmail.com', '8763691699', 'PMCP000018_JPEG_20231125_135155_7275180644951417912.jpg'),
(20, 'Mrs', 'Patrice', 'Dawkins', 'Sweet_niequet@hotmail.com', '8765019955', 'PMCP000019_IMG-20231126-WA0019.jpeg'),
(21, 'Ms', 'Jacquline', 'Barrett', 'barrettjacquline9@gmail.com', '8764651468', 'PMCP000020_20231125_143854.jpg'),
(22, 'Ms', 'Jacquline', 'Barrett', 'barrettjacquline9@gmail.com', '8764651468', 'PMCP000021_20231125_143854.jpg'),
(23, 'Mrs', 'Princess', 'Johnson', 'yashaun_j@icloud.com', '8763857754', 'PMCP000022_image.jpg'),
(24, 'Ms', 'Swayne', 'Wright', 'swaynewright1@gmail.com', '8763660328', 'PMCP000023_20231127_211753.jpg'),
(25, 'Ms', 'Swayne', 'Wright', 'swaynewright1@gmail.com', '8763660328', 'PMCP000024_20231127_211753.jpg'),
(26, 'Ms', 'Annisha', 'Cole', 'demishacole123@gmail.com', '8762235034', 'PMCP000025_inbound4218022440366474958.jpg'),
(27, 'Ms', 'Rayanna', 'Hinds', 'rayannahinds71@gmail.com', '8765345191', 'PMCP000026_0FB8CC6A-2744-4BE9-8218-4428955E0A5D.jpeg'),
(28, 'Ms', 'Rayanna', 'Hinds', 'rayannahinds71@gmail.com', '8765345191', 'PMCP000027_0FB8CC6A-2744-4BE9-8218-4428955E0A5D.jpeg'),
(29, 'Mr', 'Kevin', 'Robinson', 'kevinrobin.g@hotmail.com', '8764523897', 'PMCP000028_FJIMG_20231130_132334.jpg'),
(30, 'Ms', 'Kadian', 'Miles', 'kadianmiles3@gmail.com', '8765752736', 'PMCP000029_Screenshot_20231201-091012.png'),
(31, 'Ms', 'Carol', 'Murray', 'carolmurray170@gmail.com', '8765227042', 'PMCP000030_17014679604696140667423558879458.jpg'),
(32, 'Ms', 'Keturah', 'Moore', 'kattiemoore4u@yahoo.com', '8768290441', 'PMCP000031_17014691529621722218774680126012.jpg'),
(33, 'Selec', 'Jacquline', 'Barrett', 'barrettjacquline9@gmail.com', '8764651468', 'PMCP000032_IMG-20231202-WA0009.jpeg'),
(34, 'Ms', 'Nicole', 'Harding', 'helocin_p@yahoo.com', '8764220184', 'PMCP000033_20231202_154946.jpg'),
(35, 'Ms', 'Lorna', 'Carty', 'lornacarty007@gmail.com', '8763121885', 'PMCP000034_17016536549179135005367783704424.jpg'),
(36, 'Ms', 'Jacquline', 'Barrett', 'barrettjacquline9@gmail.com', '8764651468', 'PMCP000035_96385da8-dc22-4dbc-8dae-02506cc21045.jpeg'),
(37, 'Mrs', 'Dominique', 'Lewis-Robinson', 'chey7465@yahoo.com', '8765208879', 'PMCP000036_20231204_132918.jpg'),
(38, 'Mr', 'Michael', 'Williams', 'michwill89@msn.com', '8763445204', 'PMCP000037_20231129_163032.jpg'),
(39, 'Mr', 'Michael', 'Williams', 'michwill89@msn.com', '8763445204', 'PMCP000038_20231204_232153.jpg'),
(40, 'Ms', 'Karen', 'Patterson', 'karenrumble@gmail.com', '8762768336', 'PMCP000039_17017990811641620905968777434782.jpg'),
(41, 'Mr', 'Daniel', 'James', 'danielajames363@gmail.com', '8763192078', 'PMCP000040_IMG-20231205-WA0005.jpg'),
(42, 'Mr', 'Jahdiel', 'Neish', 'neishjahdiel6@gmail.com', '8764799865', 'PMCP000041_inbound5009920787255900449.jpg'),
(43, 'Selec', 'Jacquline', 'Barrett', 'barrettjacquline9@gmail.com', '8764651468', 'PMCP000042_20231206_102332.jpg'),
(44, 'Ms', 'Shanique', 'Bailey', 'shanique_bailey@hotmail.com', '8764266180', 'PMCP000043_image.jpg'),
(45, 'Mrs', 'Tiana', 'Goulbourne', 'keishaellis741@gmail.com', '8765034251', 'PMCP000044_17019040314527874440223016782545.jpg'),
(46, 'Ms', 'Melonie', 'Risden', 'melonierisden74@gmail.com', '8763473960', 'PMCP000045_17019629825711303917313383199673.jpg'),
(47, 'Ms', 'Kerry-Ann', 'Thomas', 'angellakerrie@yahoo.com', '8763329385', 'PMCP000046_WhatsApp_Image_2023-12-05_at_7.43.22_PM.jpeg'),
(48, 'Ms', 'Debra', 'McDonald', 'debfaye32@gmail.com', '8762064577', 'PMCP000047_Pure_Promo.jpg'),
(49, 'Mrs', 'Dominique', 'Lewis-Robinson', 'chey7465@yahoo.com', '8765208879', 'PMCP000048_20231208_113116.jpg'),
(50, 'Mr', 'Romar', 'Darlington', 'romardarlington725@gmail.com', '8767715043', 'PMCP000049_inbound2843528174441932257.jpg'),
(51, 'Mr', 'Teran', 'Beharie', 'beharieteran@gmail.com', '8763982031', 'PMCP000050_IMG_3672.jpeg'),
(52, 'Ms', 'Lakeisha', 'Higgins', 'lakeishahiggins42@gmail.com', '8762995723', 'PMCP000051_17020764653726127160453796937671.jpg'),
(53, 'Ms', 'Sidonae', 'Scott', 'sidonaescott@gmail.com', '8765568043', 'PMCP000052_20231208_190555.jpg'),
(54, 'Mrs', 'Janice', 'Rowe-blake', 'alishaquiterowe@gmail.com', '8768474672', 'PMCP000053_image.jpg'),
(55, 'Mr', 'Teran', 'Beharie', 'beharieteran@gmail.com', '8763982031', 'PMCP000054_IMG_3685.jpeg'),
(56, 'Ms', 'Lorna', 'Carty', 'lornacarty007@gmail.com', '8763121885', 'PMCP000055_IMG-20231203-WA0000.jpg'),
(57, 'Ms', 'Georgeona', 'Walters', 'georgeonawalters148@hotmail.com', '8768599384', 'PMCP000056_E8508912-D8C4-4475-ABED-84FB06E128BD.jpeg'),
(58, 'Selec', 'Jacquline', 'Barrett', 'barrettjacquline9@gmail.com', '8764651468', 'PMCP000057_20231211_103559.jpg'),
(59, 'Mrs', 'Dominique', 'Lewis-Robinson', 'chey7465@yahoo.com', '8765208876', 'PMCP000058_20231211_134733.jpg'),
(60, 'Mrs', 'Jullett', 'Bromfield', 'jullettbromfield603@gmail.com', '8762209079', 'PMCP000059_20231212_114003.jpg'),
(61, 'Ms', 'Lakeisha', 'Higgins', 'lakeishahiggins42@gmail.com', '8762995723', 'PMCP000060_17024227128494904566914002402483.jpg'),
(62, 'Ms', 'Tashani', 'Brown', 'tashanibrown123@gmail.com', '8765877251', 'PMCP000061_20231212_183121.jpg'),
(63, 'Ms', 'Jordeana', 'Knight', 'brownmixieann@icloud.com', '8765304427', 'PMCP000062_inbound190810149835319423.jpg'),
(64, 'Mr', 'Jordan', 'Thompson', 'jordansthompson99@gmail.com', '8767914203', 'PMCP000063_IMG_0510.jpeg'),
(65, 'Mr', 'Jordan', 'Thompson', 'jordansthompson99@gmail.com', '8767914203', 'PMCP000064_IMG_0510.jpeg'),
(66, 'Ms', 'Yaneisa', 'Saddler', 'saddlerallicia@gmail.com', '8763248262', 'PMCP000065_IMG_4764.jpeg'),
(67, 'Mrs', 'Debbie', 'Westcarth', 'dwestcarth@yahoo.com', '8768937889', 'PMCP000066_20231213_180921.jpg'),
(68, 'Mr', 'Michael', 'Scott', 'michaeleescott@gmail.com', '8763522079', 'PMCP000067_17025164846581084886254745247337.jpg'),
(69, 'Mr', 'Michael', 'Scott', 'michaeleescott@gmail.com', '8763522079', 'PMCP000068_17025164846581084886254745247337.jpg'),
(70, 'Mr', 'Michael', 'Tulloch', 'michaeltulloch029@gmail.com', '8763881122', 'PMCP000069_17025600420178879872438814934125.jpg'),
(71, 'Mr', 'Rajae', 'Jones', 'jonesrajae12@gmail.com', '8763876550', 'PMCP000070_inbound8617580302678087974.jpg'),
(72, 'Mr', 'Devon', 'Simmonds', 'dsimmonds776@gmail.com', '8763691699', 'PMCP000071_JPEG_20231214_193731_6500129968297078173.jpg'),
(73, 'Ms', 'Christina', 'Barnaby', 'barnabychristina@gmail.com', '8768894006', 'PMCP000072_17026822520124182088443200580446.jpg'),
(74, 'Mr', 'Ralston', 'Rose', 'seamanrose@yahoo.com', '8764432742', 'PMCP000073_17026824328723800310030205235217.jpg'),
(75, 'Mrs', 'Fabian', 'Flemmings', 'fabianflemmings54@gmail.com', '8768189083', 'PMCP000074_inbound1844771843663091515.jpg'),
(76, 'Mr', 'Shawn', 'Shaw', 'danielshawn312@gmail.com', '8762979565', 'PMCP000075_Screenshot_20231209-133937.png'),
(77, 'Mr', 'Vaughn', 'Brooks', 'courtneybrooks3000@gmail.com', '8764289522', 'PMCP000076_F67317FC-1B5E-4593-B4C7-5F397DBDD7DB.jpeg'),
(78, 'Ms', 'Tanya', 'Desport', 'desporttanya27@gmail.com', '8765098288', 'PMCP000077_952c0aeb47b66f8b1d7a2e1e549abae4.jpg'),
(79, 'Ms', 'Shavanie', 'Sinclair', 'ashleybeauty208@gmail.com', '8763206313', 'PMCP000078_image.jpg'),
(80, 'Mr', 'Kirk', 'Hoo', 'kirkdorrellhoo@gmail.com', '8763678642', 'PMCP000079_20231218_185927.jpg'),
(81, 'Mr', 'Devon', 'Simmonds', 'dsimmonds776@gmail.com', '8763691699', 'PMCP000080_JPEG_20231219_092116_2542130467148373383.jpg'),
(82, 'Ms', 'Rackquel', 'Hall', 'kella-22@hotmail.com', '8768583830', 'PMCP000081_IMG_0146.jpeg'),
(83, 'Selec', 'Jacquline', 'Barrett', 'barrettjacquline9@gmail.com', '8764651468', 'PMCP000082_20231219_094343.jpg'),
(84, 'Ms', 'Melonie', 'Risden', 'melonierisden74@gmail.com', '8763473960', 'PMCP000083_17030014593071920396900227493219.jpg'),
(85, 'Ms', 'Raquel', 'Reid', 'nirac20004@yahoo.co.uk', '8763918836', 'PMCP000084_17030135177328691982547857418111.jpg'),
(86, 'Ms', 'Rihanna', 'James', 'rihannaj378@gmail.com', '8765092433', 'PMCP000085_IMG-20231219-WA0000.jpg'),
(87, 'Mr', 'Daniel', 'James', 'danielajames363@gmail.com', '8763192078', 'PMCP000086_IMG-20231219-WA0002.jpg'),
(88, 'Ms', 'Britnie', 'Brooks', 'brooksbritnie49@gmail.com', '8762386177', 'PMCP000087_IMG-20231211-WA0002.jpg'),
(89, 'Selec', 'Jacquline', 'Barrett', 'barrettjacquline9@gmail.com', '8764651468', 'PMCP000088_20231220_101830.jpg'),
(90, 'Mrs', 'Janett', 'Myrie-Gordon', 'myriegordon2020@gmail.com', '8763732111', 'PMCP000089_IMG-20231220-WA0000.jpg'),
(91, 'Mrs', 'Janett', 'Myrie-Gordon', 'myriegordon2020@gmail.com', '8763732111', 'PMCP000090_IMG-20231220-WA0001.jpg'),
(92, 'Ms', 'Trudian', 'Robinson', 'Nesheann@yahoo.com', '8764439541', 'PMCP000091_20231220_145144.jpg'),
(93, 'Ms', 'Trudian', 'Robinson', 'Nesheann@yahoo.com', '8764439541', 'PMCP000092_20231206_171748.jpg'),
(94, 'Ms', 'Natasha', 'Clarke', 'nc071145@gmail.com', '8768858295', 'PMCP000093_IMG_1282.jpeg'),
(95, 'Mr', 'Devon', 'Simmonds', 'dsimmonds776@gmail.com', '8763691699', 'PMCP000094_JPEG_20231220_195015_733985177196993360.jpg'),
(96, 'Ms', 'Sylvia', 'Lyons', 'claudinelyons875@gmail.com', '8768368321', 'PMCP000095_Screenshot_20231221-102024_Chrome.jpg'),
(97, 'Mr', 'Teran', 'Beharie', 'beharieteran@gmail.com', '8763982031', 'PMCP000096_IMG_3836.jpeg'),
(98, 'Ms', 'Kadian', 'Miles', 'kadianmiles3@gmail.com', '8765752736', 'PMCP000097_Screenshot_20231222-075009.png'),
(99, 'Mr', 'Jamie', 'Dowe', 'jamie_dowe@yahoo.com', '8765950397', 'PMCP000098_20231222_101355.jpg'),
(100, 'Ms', 'Tyane', 'Wright', 'tyane.wright@yahoo.com', '8765528673', 'PMCP000099_2EAD9ED3-AA91-4CA8-B746-1F93F236C99E.jpeg'),
(101, 'Ms', 'Thasana', 'Henry', 'thasanahenry@hotmqil.com', '8764245764', 'PMCP000100_88D64C74-6034-4776-94C8-B20713FBD887.jpeg'),
(102, 'Mr', 'Devon', 'Simmonds', 'dsimmonds776@gmail.com', '8763691699', 'PMCP000101_JPEG_20231222_194004_8579824447106488413.jpg'),
(103, 'Ms', 'Tina-Shay', 'Dryden', 'tinashaydryden@yahoo.com', '8765803319', 'PMCP000102_20231222_184529.jpg'),
(104, 'Mr', 'Devon', 'Simmonds', 'dsimmonds776@gmail.com', '8763691699', 'PMCP000103_JPEG_20231223_183420_7361781872047487035.jpg'),
(105, 'Ms', 'Debra-Ann', 'Willis', 'debraannwillis8@gmail.com', '8763837896', 'PMCP000104_20231223_121324.jpg'),
(106, 'Mrs', 'Tamar', 'Ramsay-Bowen', 'Tammybowen87@gmail.com', '8763359458', 'PMCP000105_20231207_105002.jpg'),
(107, 'Ms', 'Natasha', 'Clarke', 'nc071145@gmail.com', '8768858295', 'PMCP000106_WhatsApp_Image_2023-12-23_at_12.00.28_AM.jpeg');

-- --------------------------------------------------------

--
-- Table structure for table `PureMoneyChristmas_Submissions`
--

CREATE TABLE `PureMoneyChristmas_Submissions` (
  `id` int NOT NULL,
  `form_id` int NOT NULL,
  `reference_number` varchar(20) CHARACTER SET utf8mb4 COLLATE utf8mb4_unicode_ci NOT NULL,
  `date_created` datetime NOT NULL
) ENGINE=InnoDB DEFAULT CHARSET=utf8mb4 COLLATE=utf8mb4_unicode_ci;

--
-- Dumping data for table `PureMoneyChristmas_Submissions`
--

INSERT INTO `PureMoneyChristmas_Submissions` (`id`, `form_id`, `reference_number`, `date_created`) VALUES
(1, 1, 'PMCP000000', '2023-11-09 14:23:11'),
(2, 2, 'PMCP000001', '2023-11-09 19:57:44'),
(3, 3, 'PMCP000002', '2023-11-10 13:45:26'),
(4, 4, 'PMCP000003', '2023-11-10 14:50:15'),
(5, 5, 'PMCP000004', '2023-11-10 15:41:20'),
(6, 6, 'PMCP000005', '2023-11-15 10:24:29'),
(7, 7, 'PMCP000006', '2023-11-16 09:59:27'),
(8, 8, 'PMCP000007', '2023-11-17 03:20:43'),
(9, 9, 'PMCP000008', '2023-11-18 19:31:27'),
(10, 10, 'PMCP000009', '2023-11-18 23:23:21'),
(11, 11, 'PMCP000010', '2023-11-19 21:56:58'),
(12, 12, 'PMCP000011', '2023-11-19 21:57:48'),
(13, 13, 'PMCP000012', '2023-11-19 21:57:55'),
(14, 14, 'PMCP000013', '2023-11-19 23:52:13'),
(15, 15, 'PMCP000014', '2023-11-22 13:17:49'),
(16, 16, 'PMCP000015', '2023-11-23 13:09:21'),
(17, 17, 'PMCP000016', '2023-11-23 13:10:26'),
(18, 18, 'PMCP000017', '2023-11-23 21:11:47'),
(19, 19, 'PMCP000018', '2023-11-25 13:53:28'),
(20, 20, 'PMCP000019', '2023-11-26 11:42:19'),
(21, 21, 'PMCP000020', '2023-11-26 12:14:20'),
(22, 22, 'PMCP000021', '2023-11-26 12:14:37'),
(23, 23, 'PMCP000022', '2023-11-27 19:58:35'),
(24, 24, 'PMCP000023', '2023-11-28 10:54:43'),
(25, 25, 'PMCP000024', '2023-11-28 10:54:59'),
(26, 26, 'PMCP000025', '2023-11-29 08:13:00'),
(27, 27, 'PMCP000026', '2023-12-01 00:40:00'),
(28, 28, 'PMCP000027', '2023-12-01 00:40:02'),
(29, 29, 'PMCP000028', '2023-12-01 08:10:33'),
(30, 30, 'PMCP000029', '2023-12-01 09:11:50'),
(31, 31, 'PMCP000030', '2023-12-01 17:00:57'),
(32, 32, 'PMCP000031', '2023-12-01 17:20:25'),
(33, 33, 'PMCP000032', '2023-12-02 16:06:35'),
(34, 34, 'PMCP000033', '2023-12-02 18:18:53'),
(35, 35, 'PMCP000034', '2023-12-03 20:35:22'),
(36, 36, 'PMCP000035', '2023-12-04 11:33:51'),
(37, 37, 'PMCP000036', '2023-12-04 14:18:00'),
(38, 38, 'PMCP000037', '2023-12-04 23:09:21'),
(39, 39, 'PMCP000038', '2023-12-04 23:23:47'),
(40, 40, 'PMCP000039', '2023-12-05 12:58:31'),
(41, 41, 'PMCP000040', '2023-12-05 19:33:26'),
(42, 42, 'PMCP000041', '2023-12-06 07:46:29'),
(43, 43, 'PMCP000042', '2023-12-06 10:26:55'),
(44, 44, 'PMCP000043', '2023-12-06 11:12:50'),
(45, 45, 'PMCP000044', '2023-12-06 18:08:02'),
(46, 46, 'PMCP000045', '2023-12-07 10:32:40'),
(47, 47, 'PMCP000046', '2023-12-07 10:35:00'),
(48, 48, 'PMCP000047', '2023-12-07 23:51:31'),
(49, 49, 'PMCP000048', '2023-12-08 11:34:47'),
(50, 50, 'PMCP000049', '2023-12-08 13:23:02'),
(51, 51, 'PMCP000050', '2023-12-08 17:07:09'),
(52, 52, 'PMCP000051', '2023-12-08 18:02:41'),
(53, 53, 'PMCP000052', '2023-12-08 19:20:39'),
(54, 54, 'PMCP000053', '2023-12-09 12:43:22'),
(55, 55, 'PMCP000054', '2023-12-10 14:14:17'),
(56, 56, 'PMCP000055', '2023-12-10 14:33:13'),
(57, 57, 'PMCP000056', '2023-12-11 10:27:50'),
(58, 58, 'PMCP000057', '2023-12-11 10:39:45'),
(59, 59, 'PMCP000058', '2023-12-11 13:49:37'),
(60, 60, 'PMCP000059', '2023-12-12 11:44:09'),
(61, 61, 'PMCP000060', '2023-12-12 18:14:26'),
(62, 62, 'PMCP000061', '2023-12-12 19:12:19'),
(63, 63, 'PMCP000062', '2023-12-12 22:33:54'),
(64, 64, 'PMCP000063', '2023-12-13 13:00:42'),
(65, 65, 'PMCP000064', '2023-12-13 13:02:24'),
(66, 66, 'PMCP000065', '2023-12-13 16:46:34'),
(67, 67, 'PMCP000066', '2023-12-13 19:11:40'),
(68, 68, 'PMCP000067', '2023-12-13 20:15:47'),
(69, 69, 'PMCP000068', '2023-12-13 20:16:53'),
(70, 70, 'PMCP000069', '2023-12-14 08:19:37'),
(71, 71, 'PMCP000070', '2023-12-14 18:54:30'),
(72, 72, 'PMCP000071', '2023-12-14 19:38:22'),
(73, 73, 'PMCP000072', '2023-12-15 18:18:25'),
(74, 74, 'PMCP000073', '2023-12-15 18:21:11'),
(75, 75, 'PMCP000074', '2023-12-16 22:46:46'),
(76, 76, 'PMCP000075', '2023-12-17 13:25:31'),
(77, 77, 'PMCP000076', '2023-12-17 18:52:32'),
(78, 78, 'PMCP000077', '2023-12-18 00:16:09'),
(79, 79, 'PMCP000078', '2023-12-18 18:48:36'),
(80, 80, 'PMCP000079', '2023-12-18 19:04:44'),
(81, 81, 'PMCP000080', '2023-12-19 09:22:10'),
(82, 82, 'PMCP000081', '2023-12-19 09:30:47'),
(83, 83, 'PMCP000082', '2023-12-19 09:46:23'),
(84, 84, 'PMCP000083', '2023-12-19 10:59:59'),
(85, 85, 'PMCP000084', '2023-12-19 14:22:05'),
(86, 86, 'PMCP000085', '2023-12-19 17:21:39'),
(87, 87, 'PMCP000086', '2023-12-19 17:26:25'),
(88, 88, 'PMCP000087', '2023-12-19 21:39:42'),
(89, 89, 'PMCP000088', '2023-12-20 10:22:55'),
(90, 90, 'PMCP000089', '2023-12-20 12:02:10'),
(91, 91, 'PMCP000090', '2023-12-20 12:06:18'),
(92, 92, 'PMCP000091', '2023-12-20 14:58:28'),
(93, 93, 'PMCP000092', '2023-12-20 15:03:12'),
(94, 94, 'PMCP000093', '2023-12-20 19:43:21'),
(95, 95, 'PMCP000094', '2023-12-20 19:51:16'),
(96, 96, 'PMCP000095', '2023-12-21 10:21:02'),
(97, 97, 'PMCP000096', '2023-12-21 21:28:50'),
(98, 98, 'PMCP000097', '2023-12-22 07:56:02'),
(99, 99, 'PMCP000098', '2023-12-22 10:26:31'),
(100, 100, 'PMCP000099', '2023-12-22 10:57:14'),
(101, 101, 'PMCP000100', '2023-12-22 11:44:42'),
(102, 102, 'PMCP000101', '2023-12-22 19:40:50'),
(103, 103, 'PMCP000102', '2023-12-22 22:30:06'),
(104, 104, 'PMCP000103', '2023-12-23 18:35:05'),
(105, 105, 'PMCP000104', '2023-12-23 22:40:39'),
(106, 106, 'PMCP000105', '2023-12-23 22:47:32'),
(107, 107, 'PMCP000106', '2023-12-24 21:52:59');

-- --------------------------------------------------------

--
-- Table structure for table `PureScholars_Forms`
--

CREATE TABLE `PureScholars_Forms` (
  `id` int NOT NULL,
  `title` varchar(5) CHARACTER SET utf8mb4 COLLATE utf8mb4_unicode_ci NOT NULL,
  `first_name` varchar(50) CHARACTER SET utf8mb4 COLLATE utf8mb4_unicode_ci NOT NULL,
  `last_name` varchar(50) CHARACTER SET utf8mb4 COLLATE utf8mb4_unicode_ci NOT NULL,
  `email_addr` varchar(50) CHARACTER SET utf8mb4 COLLATE utf8mb4_unicode_ci NOT NULL,
  `phone_num` varchar(10) CHARACTER SET utf8mb4 COLLATE utf8mb4_unicode_ci NOT NULL,
  `image` varchar(255) CHARACTER SET utf8mb4 COLLATE utf8mb4_unicode_ci NOT NULL
) ENGINE=InnoDB DEFAULT CHARSET=utf8mb4 COLLATE=utf8mb4_unicode_ci;

--
-- Dumping data for table `PureScholars_Forms`
--

INSERT INTO `PureScholars_Forms` (`id`, `title`, `first_name`, `last_name`, `email_addr`, `phone_num`, `image`) VALUES
(1, 'Mr', 'Production', 'Final-Test', 'xclusivdigital@gmail.com', '8767846211', 'mikasa-gtfomyman.jpg'),
(2, 'Mr', 'Delano', 'Senior', 'xclusivdigital@gmail.com', '8767846211', 'f99671dd-0d1c-424a-83e9-a33054355e2a.jpeg'),
(3, 'Mrs', 'Kameca', 'Walker-James', 'kwkamecawalker@gmail.com', '8764170791', 'IMG-20230614-WA0002.jpg'),
(4, 'Mrs', 'Kameca', 'Walker-James', 'kwkamecawalker@gmail.com', '8764170791', 'IMG-20230614-WA0002.jpg'),
(5, 'Mrs', 'Kameca', 'Walker-James', 'kwkamecawalker@gmail.com', '8764170791', 'IMG-20230614-WA0003.jpg'),
(6, 'Mrs', 'Janett', 'Myrie-Gordon', 'myriegordon2020@gmail.com', '8763732111', 'IMG_20230614_105118.jpg'),
(7, 'Ms', 'Nickesha', 'Swaby', 'nas_Jamaica@yahoo.com', '8765363164', 'IMG_6294.png'),
(8, 'Ms', 'Colleen', 'Francis', 'franciscolleen842@gmail.com', '8763344234', 'inbound3685745094132406798.jpg'),
(9, 'Ms', 'Colleen', 'Francis', 'franciscolleen842@gmail.com', '8763344234', 'inbound595882549713202078.jpg'),
(10, 'Ms', 'Lorna', 'Fowler', 'lornafowler52@yahoo.com', '8767979695', 'IMG-20230620-WA0000.jpg'),
(11, 'Mrs', 'Dorna', 'Cover', 'dornacover888@gmail.com', '8763535735', 'image.jpg'),
(12, 'Mr', 'C-Jay', 'Carnegie', 'cjaycarnegie758@gmail.com', '8765310156', '16874638812347443036570560073364.jpg'),
(13, 'Mrs', 'Kameca', 'Walker-James', 'kwkamecawalker@gmail.com', '8764170791', 'IMG-20230623-WA0004.jpeg'),
(14, 'Mrs', 'Kameca', 'Walker-James', 'kwkamecawalker@gmail.com', '8764170791', 'IMG_20230623_180315.jpg'),
(15, 'Ms', 'Chedise', 'Lynfatt', 'chillylynfatt@gmail.com', '8765767941', 'inbound1456769212367610830.jpg'),
(16, 'Mr', 'Junior', 'Stephens', 'junior17stephens@gmail.com', '8764927837', 'inbound5135868481586969210.jpg'),
(17, 'Mr', 'Tarec', 'Thomas', 'tarec4life@yahoo.com', '8764545870', '20230625_184450.jpg'),
(18, 'Ms', 'Chineka', 'Beckford', 'shaneikabeckford019@gmail.com', '8762236493', '20230613_173733.jpg'),
(19, 'Ms', 'Chineka', 'Beckford', 'shaneikabeckford019@gmail.com', '8762236493', '20230613_173733.jpg'),
(20, 'Mr', 'Kenneth', 'Leslie', 'Kennedyleslie27@gmail.com', '8764633196', '16878619851781687693333284718581.jpg'),
(21, 'Ms', 'Andrea', 'Whyne', 'keishawhyne@yahoo.com', '8764269353', '0B1A2AE5-8020-459C-842A-B76312CA50BC.jpeg'),
(22, 'Mr', 'Sheldon', 'Lazarus', 'sheldon.lazarus@yahoo.com', '8765139193', '20230627_183900.jpg'),
(23, 'Ms', 'Dianna', 'Dunkley', 'dunkleydianna1988@yahoo.com', '8764290865', '20230627_201441.jpg'),
(24, 'Mr', 'Kashwayne', 'Vernon', 'kashwaynevernon@gmail.com', '8763199902', 'Screenshot_20230624-064636.jpg'),
(25, 'Mr', 'David', 'bowen', 'davidbowen876@gmail.com', '8765829660', 'FB_IMG_1647243884999.jpg'),
(26, 'Ms', 'Tracyann', 'Duncan', 'tracyannduncan443@gmail.com', '8764434980', 'IMG-20230628-WA0011.jpg'),
(27, 'Mrs', 'Debra', 'McDonald-Hinds', 'debfaye32@gmail.com', '8763532440', 'PURE_1.jpg'),
(28, 'Ms', 'Taneisha', 'Stephenson', 'taneishastephenson7@gmail.com', '8763989804', '8931096F-C284-40CB-8D32-68D9D4101345.jpeg'),
(29, 'Ms', 'Chedise', 'Lynfatt', 'chillylynfatt@gmail.com', '8765767941', 'inbound1053802271772870608.jpg'),
(30, 'Ms', 'Andrea', 'Plummer', 'andreaplummer05@gmail.com', '8764163274', '20230701_153754.jpg'),
(31, 'Ms', 'Andrea', 'Plummer', 'andreaplummer05@gmail.com', '8764163274', '20230701_153754.jpg'),
(32, 'Mrs', 'Dorna', 'Cover', 'dornacover888@gmail.com', '8763535735', 'image.jpg'),
(33, 'Ms', 'Jeneil', 'Gaynor', 'gaynorjeneil07@gmail.com', '8765545182', 'inbound6842885638341900259.jpg'),
(34, 'Ms', 'Nastassia', 'Grant', 'nastassia.grant@gmail.com', '8767994900', '20230704_123623.jpg'),
(35, 'Ms', 'Nastassia', 'Grant', 'nastassia.grant@gmail.com', '8767994900', '20230704_123608.jpg'),
(36, 'Ms', 'Shavel', 'Johnson', 'shaveljohnson2014@gmail.com', '8767994129', '1688501084423432153303.jpg'),
(37, 'Mr', 'Marlon', 'Smith', 'killapopinss@gmail.com', '8768080479', 'A561CC70-71CF-41EF-BC38-D8DB1643B135.jpeg'),
(38, 'Mr', 'Zanire', 'Drummonds', 'zanairedrummonds@yahoo.com', '8764568328', 'IMG_2397.jpeg'),
(39, 'Ms', 'Olecia', 'Lakeman', 'olecialakeman36@gmail.com', '8764511489', '16885165158922102604432201731433.jpg'),
(40, 'Ms', 'Dianna', 'Dunkley', 'dunkleydianna1988@yahoo.com', '8764290865', '20230705_051423.jpg'),
(41, 'Ms', 'Sophia', 'Smith', 'Sophia72us@yahoo.com', '8768575220', '20230705_075234.jpg'),
(42, 'Ms', 'Dianna', 'Dunkley', 'dunkleydianna1988@yahoo.com', '8764290865', '20230705_051423.jpg'),
(43, 'Mr', 'Zanire', 'Drummonds', 'zanairedrummonds@yahoo.com', '8764568328', 'IMG_2398.jpeg'),
(44, 'Mr', 'Zanire', 'Drummonds', 'zanairedrummond@yahoo.com', '8764568328', 'IMG_2400.jpeg'),
(45, 'Mr', 'Zanire', 'Drummonds', 'zanairedrummonds@yahoo.com', '8764568328', 'IMG_2401.jpeg'),
(46, 'Ms', 'Peterecia', 'Lynch', 'Peterecia1@hotmail.com', '8768965563', 'inbound3374046332134560426.jpg'),
(47, 'Ms', 'Lakeisha', 'Higgins', 'lakeishahiggins42@gmail.com', '8762995723', 'IMG_2579.jpeg'),
(48, 'Mrs', 'Kameca', 'Walker-James', 'kwkamecawalker@gmail.com', '8764170791', 'IMG_20230705_183953.jpg'),
(49, 'Ms', 'Kalia', 'Duncan', 'lia_dun@yahoo.com', '8765327936', 'IMG_20230705_2110342.jpg'),
(50, 'Mr', 'Ryan', 'Tomlinson', 'ryantomlinson383@gmail.com', '8763349945', '16886154619332828027831649940361.jpg'),
(51, 'Ms', 'Natena', 'Wright', 'natenawright05@gmail.com', '8767930307', '20230706_033520.jpg'),
(52, 'Ms', 'Evette', 'Foote', 'evettefoote7@gmail.com', '8763481570', 'Snapchat-1609959304.jpg'),
(53, 'Selec', 'Petrene', 'Baker', 'petreneslowly@gmail.com', '8768650100', 'IMG_20230707_093423.jpg'),
(54, 'Ms', 'Deleisha', 'Hayle', 'hayledeleisha@gmail.com', '8764642974', 'IMG_20230707_120142.jpg'),
(55, 'Ms', 'Deleisha', 'Hayle', 'hayledeleisha@gmail.com', '8764642974', 'IMG-20230707-WA0004.jpeg'),
(56, 'Mr', 'Zanire', 'Drummonds', 'zanairedrummonds@yahoon.com', '8764568328', 'IMG_2404.jpeg'),
(57, 'Ms', 'Trudyann', 'Folkes', 'trudyannfolkes18@gmail.com', '8763257705', 'image.jpg'),
(58, 'Ms', 'Andrea', 'Plummer', 'andreaplummer05@gmail.com', '8764163274', '20230708_185725.jpg'),
(59, 'Ms', 'Roshede', 'Reynolds', 'roshedereynolds@gmail.com', '8765368724', 'IMG-20230708-WA0034.jpeg'),
(60, 'Ms', 'Roshede', 'Reynolds', 'roshedereynolds@gmail.com', '8765368724', 'IMG-20230708-WA0034.jpeg'),
(61, 'Mrs', 'Jeneva', 'Clarke-Allen', 'jnv_clarke@yahoo.com', '8764559170', '20230708_181343.jpg'),
(62, 'Mrs', 'Jeneva', 'Clarke-Allen', 'jnv_clarke@yahoo.com', '8764559170', '20230708_181343.jpg'),
(63, 'Ms', 'Mickesha', 'Whyte', 'mickeshawhyte5@gmail.com', '8764220292', '1675353254333.jpg'),
(64, 'Ms', 'Rashell', 'Garwood', 'rashell15garwood@gmail.com', '8762910121', '16888862928353089690641814469919.jpg'),
(65, 'Ms', 'Deleisha', 'Hayle', 'hayledeleisha@gmail.com', '8764642974', 'deleishahayle_1.jpeg'),
(66, 'Ms', 'Omoya', 'Hudson', 'omoyahudson19@gmail.com', '8764059523', '22921bdc-3327-4909-b2d2-a31be5cc7bd5.jpeg'),
(67, 'Ms', 'Cheyenne', 'Hemsley', 'cheyhemsley@gmail.com', '8765463296', 'cheyennehemsley_1.jpeg'),
(68, 'Ms', 'Cheyenne', 'Hemsley', 'cheyhemsley@gmail.com', '8765463296', 'cheyennehemsley_2.jpeg'),
(69, 'Mr', 'Andre', 'Donaldson', 'drego_one@hotmail.com', '8764480052', 'andre_donaldson_1.jpeg'),
(70, 'Ms', 'Shamaiere', 'Green', 'shamaieregreen@gmail.com', '8765343145', 'shamairegreen_1.jpeg'),
(71, 'Ms', 'Shanieka', 'Austin', 'Austinshanieka24@gmail.com', '8767925473', 'shaneikaaustin_1.jpeg'),
(72, 'Ms', 'Latoya', 'Jones', 'jonestrecia26@gmail.com', '8768310692', 'latoyajones_1.jpeg'),
(73, 'Ms', 'Tamekia', 'Johnson', 'tamekiajohnson524@gmail.com', '8764331356', 'tameikajohnson_1.jpeg'),
(74, 'Ms', 'Tamekia', 'Johnson', 'tamekiajohnson524@gmail.com', '8764331356', 'tameikajohnson_2.jpeg'),
(75, 'Mrs', 'Kcarlene', 'Hutchinson-Braun', 'karhutb@yahoo.com', '8764811383', 'kcarlenebraun_1.png'),
(76, 'Mrs', 'Kcarlene', 'Hutchinson-Braun', 'karhutb@yahoo.com', '8764811383', 'kcarlenebraun_2.png'),
(77, 'Mrs', 'Kcarlene', 'Hutchinson-Braun', 'karhutb@yahoo.com', '8764811383', 'kcarlenebraun_3.png'),
(78, 'Mrs', 'Kcarlene', 'Hutchinson-Braun', 'karhutb@yahoo.com', '8764811383', 'kcarlenebraun_4.png'),
(79, 'Ms', 'Racquel', 'Francis', 'Racquelf.2013@gmail.com', '8768819179', 'racquelfrancis_1.jpeg'),
(80, 'Ms', 'Chevel', 'Watson', 'cataleya452016@gmail.com', '8768242920', 'chevelwatson_1.jpeg'),
(81, 'Ms', 'Charmani', 'Guy', 'guycharmani@yahoo.com', '8768499243', 'charmaniguy_1.png'),
(82, 'Ms', 'Dianna', 'Dunkley', 'dunkleydianna1988@yahoo.com', '8764290865', 'diannadunkley_1.jpeg'),
(83, 'Ms', 'Dianna', 'Dunkley', 'dunkleydianna1988@yahoo.com', '8764290865', 'diannadunkley_2.jpeg'),
(84, 'Ms', 'Romana', 'Thomas', 'tanakay1@yahoo.com', '8763104982', 'romanathomas_1.jpeg'),
(85, 'Ms', 'Loraine', 'Williams', 'lorainewilliams70@gmail.com', '8762965730', 'lorainewilliams_1.jpeg'),
(86, 'Ms', 'Colleen', 'Francis', 'franciscolleen842@gmail.com', '8763344234', 'colleenfrancis_1.jpeg'),
(87, 'Ms', 'Colleen', 'Francis', 'franciscolleen842@gmail.com', '8763344234', 'colleenfrancis_2.jpeg'),
(88, 'Ms', 'Tamara', 'Davis', 'tamara.davis48@yahoo.com', '8765323103', 'tamaradavis_1.jpeg'),
(89, 'Ms', 'Serritta', 'Grant', 'serrittagrant27@gmail.com', '8768667339', 'IMG_20230708_205544.jpg'),
(90, 'Mr', 'Chevaugn', 'Anderson', 'chevaugnanderson@gmail.com', '8768864494', 'chevaugnanderson_1.jpeg'),
(91, 'Ms', 'Juddia', 'Josephs', 'Juddiajosephs@gmail.com', '8764718752', 'JuddiaJosephs_1.jpeg'),
(92, 'Ms', 'Nastassia', 'Mais', 'Tasnassia@gmail.com', '8768309856', 'nastassiamais_1.jpeg'),
(93, 'Ms', 'Natalie', 'Ross', 'Natlieross@yahoo.com', '8764015380', 'NatalieRoss_1.jpeg'),
(94, 'Ms', 'Natalie', 'Ross', 'Natlieross@yahoo.com', '8764015380', 'NatalieRoss_2.jpeg'),
(95, 'Ms', 'Shannoy', 'Brown', 'Shannoybrown16@gmail.com', '8767840065', 'shannoybrown_1.jpeg'),
(96, 'Ms', 'Hyacinth', 'Bailey', 'hyacinthbailey28@gmail.com', '8764212708', 'hyacinthbailey_1.jpeg'),
(97, 'Ms', 'Hyacinth', 'Bailey', 'hyacinthbailey28@gmail.com', '8764212708', 'hyacinthbailey_2.jpeg'),
(98, 'Ms', 'Kadian', 'Miles', 'Kadianmiles3@gmail.com', '8765752736', 'kadianmiles_1.jpeg'),
(99, 'Mr', 'Buffy', 'Campbell', 'buffyncampbell@gmail.com', '8765607634', 'buffycampbell_1.jpeg'),
(100, 'Ms', 'Shadae', 'Lewis', 'shadae2006@hotmail.com', '8768397581', 'shadaelewis_1.jpeg'),
(101, 'Ms', 'Nickeisha', 'Hobson', 'Hobsonnickeisha@gmail.com', '8768671963', 'nickeishahobson_1.jpeg'),
(102, 'Ms', 'Chenell', 'Johnson', 'Chenell_j@hotmail.com', '8765655745', 'chenelljohnson_1.jpeg'),
(103, 'Ms', 'Kerry-Ann', 'Thomas', 'angellakerrie@yahoo.com', '8763329385', 'kerrythomas_1.jpeg'),
(104, 'Ms', 'Kerry-Ann', 'Thomas', 'angellakerrie@yahoo.com', '8763329385', 'kerrythomas_2.jpeg'),
(105, 'Ms', 'Kerry-Ann', 'Thomas', 'angellakerrie@yahoo.com', '8763329385', 'kerrythomas_3.jpeg'),
(106, 'Ms', 'Kerry-Ann', 'Thomas', 'angellakerrie@yahoo.com', '8763329385', 'kerrythomas_4.jpeg'),
(107, 'Mr', 'Jason', 'Henry', 'jason.henry16@yahoo.com', '8768911750', 'IMG_6783.jpeg'),
(109, 'Ms', 'Shaneek', 'Bailey', 'Baileyshaneek@gmail.com', '8764030911', 'shaneekbailey_1.jpeg'),
(110, 'Ms', 'Kenishea', 'Lewis', 'kenishealewis4@gmail.com', '8763916951', 'kenishealewis_1.jpeg'),
(111, 'Selec', 'Petrene', 'Baker', 'petreneslowly@gmail.com', '8768650100', 'IMG-20230710-WA0003.jpg'),
(112, 'Ms', 'Colleen', 'Francis', 'franciscolleen842@gmail.com', '8763344234', 'inbound6454534579881682074.jpg'),
(113, 'Ms', 'Kerry-Ann', 'Merrick', 'merrickkerryann@gmail.com', '8764146689', 'inbound6460746192834987880.jpg'),
(114, 'Mr', 'Emelio', 'Garriques', 'mg.abilities@gmail.com', '8763799183', 'IMG-20230711-WA0019.jpg'),
(115, 'Ms', 'Kristen', 'Edwards', 'kristene414@gmail.com', '8768066620', 'IMG_20230711_093605_162.jpg'),
(116, 'Ms', 'Kadian', 'Miles', 'Kadianmiles3@gmail.com', '8765752736', 'kadianmiles_2.jpeg'),
(117, 'Ms', 'Loraine', 'Williams', 'lorainewilliams70@gmail.com', '8762965730', 'lorainewilliams_2.jpeg'),
(118, 'Ms', 'Hyacinth', 'Bailey', 'hyacinthbailey28@gmail.com', '8764212708', 'hyacinthbailey_3.jpeg'),
(119, 'Mrs', 'Kerri-Ann', 'Burgess-McKenzie', 'kerriannmckenzie876@gmail.com', '8763096623', 'IMG_20230713_173828.jpg'),
(120, 'Ms', 'Dianna', 'Dunkley', 'dunkleydianna1988@yahoo.com', '8764290865', '20230713_205547.jpg'),
(121, 'Ms', 'Lakeisha', 'Higgins', 'lakeishahiggins42@gmail.com', '8762995723', 'IMG_2705.jpeg'),
(122, 'Mrs', 'Lisa', 'Henderson', 'lisacrhenderson@gmail.com', '8765757213', '20230714_091414.jpg'),
(123, 'Ms', 'Suzann', 'Wright', 'suzannwright94@gmail.com', '8762635833', 'IMG_5125.jpeg'),
(124, 'Ms', 'Nova-Lee', 'Clarke', 'novalee_clarke@yahoo.com', '8763968023', 'IMG_20230715_161657.jpg'),
(125, 'Ms', 'Devonnee', 'Whyte', 'wdevonnee2@gmail.com', '8765351097', '20230715_173745.jpg'),
(126, 'Ms', 'Devonnee', 'Whyte', 'wdevonnee2@gmail.com', '8765351097', '20230715_174104.jpg'),
(127, 'Ms', 'Natara', 'Bent', 'natarabent@yahoo.com', '8762961866', 'IMG-20230715-WA0108.jpg'),
(128, 'Ms', 'Clerisa', 'Robinson', 'robinsonjulia10@yahoo.com', '8763185333', '20230715_191052.jpg'),
(129, 'Ms', 'Clerisa', 'Robinson', 'robinsonjulia10@yahoo.com', '8763185333', '20230715_191034.jpg'),
(130, 'Mr', 'Andrew', 'Bambury', 'vadavell@yahoo.com', '8763604887', '16894862221887255908760798127365.jpg'),
(131, 'Ms', 'Peta-Gaye', 'Rochester', 'peta.gaye828@gmail.com', '8768508577', 'inbound4948009088839348232.jpg'),
(132, 'Ms', 'Nicole', 'Brady', 'hnikki70@hotmail.com', '8762869849', 'nicolebrady_1.jpeg'),
(133, 'Ms', 'Deleisha', 'Hayle', 'hayledeleisha@gmail.com', '8764642974', 'IMG_20230716_133258.jpg'),
(134, 'Ms', 'Janet', 'Powell-Gordon', 'jovialjanetgordon@gmail.com', '8768457359', 'janetpgordon_1.jpeg'),
(135, 'Ms', 'Shanieka', 'Austin', 'Austinshanieka24@gmail.com', '8767925473', 'shaneikaaustin_2.jpeg'),
(136, 'Ms', 'Racquel', 'Francis', 'Racquelf.2013@gmail.com', '8768819179', 'racquelfrancis_2.jpeg'),
(137, 'Ms', 'Loraine', 'Williams', 'lorainewilliams70@gmail.com', '8762965730', 'lorainewilliams_3.jpeg'),
(138, 'Ms', 'Latoya', 'Jones', 'jonestrecia26@gmail.com', '8768310692', 'latoyajones_2.jpeg'),
(139, 'Ms', 'Kerry-Ann', 'Thomas', 'angellakerrie@yahoo.com', '8763329385', 'kerrythomas_5.jpeg'),
(140, 'Ms', 'Monique', 'Lyons', 'monique_lyons@aol.com', '8765349317', '20230715_145141.jpg'),
(141, 'Ms', 'Carissa', 'Reid', 'carissareid01@gmail.com', '8767703639', 'carissareid_1.jpeg'),
(142, 'Ms', 'Monique', 'Lyons', 'monique_lyons@aol.com', '8765349317', '20230715_145153.jpg'),
(143, 'Ms', 'Rochelle', 'Absolam', 'Rochelle20absolam@hotmail.com', '8764355741', 'rochelleabsolam_1.jpeg'),
(144, 'Ms', 'Moreen', 'McFarlane', 'moreen.mcfarlane@gmail.com', '8764032420', 'moreenmcfarlane_1.jpeg'),
(145, 'Ms', 'Moreen', 'McFarlane', 'moreen.mcfarlane@gmail.com', '8764032420', 'moreenmcfarlane_2.jpeg'),
(146, 'Ms', 'Moreen', 'McFarlane', 'moreen.mcfarlane@gmail.com', '8764032420', 'moreenmcfarlane_3.jpeg'),
(147, 'Ms', 'Dawnette', 'Spence', 'dawnetteholtspence@gmail.com', '8763220605', 'IMG-20230716-WA0001.jpeg'),
(148, 'Mr', 'Ramone', 'Williams', 'sidonae.love@gmail.com', '8764740954', '20230714_044013.jpg'),
(149, 'Ms', 'Peta-Gaye', 'Rochester', 'peta.gaye828@gmail.com', '8768508577', 'IMG-20230715-WA0003.jpeg'),
(150, 'Ms', 'Peta-Gaye', 'Rochester', 'peta.gaye828@gmail.com', '8768508577', 'IMG-20230715-WA0003.jpeg'),
(151, 'Ms', 'Peta-Gaye', 'Rochester', 'peta.gaye828@gmail.com', '8768508577', 'IMG-20230715-WA0003.jpeg'),
(152, 'Ms', 'Keisha', 'Bailey', 'Shantae2k9@gmail.com', '8768461607', '20230716_213616.jpg'),
(153, 'Ms', 'Keisha', 'Bailey', 'Shantae2k9@gmail.com', '8768461607', '20230716_213616.jpg'),
(154, 'Mr', 'Tarec', 'Thomas', 'tarec4lfe@yahoo.com', '8764545870', '20230717_074018.jpg'),
(155, 'Ms', 'Alisagay', 'Grant', 'alisagaygrant5@gmail.com', '8768587299', 'alisaygrant_1.jpeg'),
(156, 'Ms', 'Carissa', 'Reid', 'carissareid01@gmail.com', '8767703639', 'carissareid_2.jpeg'),
(157, 'Ms', 'Keisha', 'Bailey', 'Shantae2k9@gmail.com', '8768461607', '20230717_182244.jpg'),
(158, 'Ms', 'Camesha', 'Findley', 'cammy4lif@yahoo.com', '8765409029', '20230717_170448.jpg'),
(159, 'Ms', 'Camesha', 'Findley', 'cammy4lif@yahoo.com', '8765409029', '20230717_170448.jpg'),
(160, 'Ms', 'Dejiann', 'Dean', 'dejiannsdean@gmail.com', '8768646854', 'IMG_20230719_1200402.jpg'),
(161, 'Ms', 'Swayne', 'Wright', 'swayne.wright@gmail.com', '8763660328', '20230719_211345.jpg'),
(162, 'Ms', 'Andrea', 'Plummer', 'andreaplummer05@gmail.com', '8764163274', '20230720_060338.jpg'),
(163, 'Ms', 'Loraine', 'Williams', 'lorainewilliams70@gmail.com', '8762965730', 'lorainewilliams_4.jpeg'),
(164, 'Ms', 'Shanieka', 'Austin', 'Austinshanieka24@gmail.com', '8767925473', 'shaneikaaustin_3.jpeg'),
(165, 'Ms', 'Jodian', 'Blake', 'blakejodian700@gmail.com', '8762196209', '20230711_070419.jpg'),
(166, 'Mr', 'Shane', 'Blake', 'Princegiovanni7@gmail.com', '8764913758', 'shaneblake_1.png'),
(167, 'Ms', 'Mary', 'Ellwood', 'maryfrancisellwood@gmail.com', '8765840236', 'maryellwood_1.jpeg'),
(168, 'Ms', 'Sandra', 'Burrell', 'Sandraburrell85@gmail.com', '8764279770', 'sandraburrell_1.jpeg'),
(169, 'Ms', 'Sandra', 'Burrell', 'Sandraburrell85@gmail.com', '8764279770', 'sandraburrell_2.jpeg'),
(170, 'Ms', 'Stephanie', 'Gregory', 'Sajj242@gmail.com', '8762986791', 'stephaniegregory_1.jpeg'),
(171, 'Ms', 'Peta-Gaye', 'Rochester', 'peta.gaye828@gmail.com', '8768508577', '20230720_110240.jpg'),
(172, 'Ms', 'Denae', 'Patterson', 'pattersondenae@yahoo.com', '8764236799', 'image.jpg'),
(173, 'Mrs', 'Shantaye', 'Lammie-Mcgill', 'shantayelammie@hotmail.com', '8767968500', 'inbound2583848028595212327.jpg'),
(174, 'Ms', 'Sharnett', 'McNeil', 'samcneil72@yahoo.com', '8762352087', 'shartnettmcneil_1.jpeg'),
(175, 'Ms', 'Kerry-Ann', 'Thomas', 'angellakerrie@yahoo.com', '8763329385', 'kerrythomas_6.jpeg'),
(176, 'Ms', 'Kerry-Ann', 'Thomas', 'angellakerrie@yahoo.com', '8763329385', 'kerrythomas_7.jpeg'),
(177, 'Mrs', 'Sherine', 'Richards', 'Richardssherine33@gmail.com', '8768503384', 'IMG-20230722-WA0001.jpeg'),
(178, 'Ms', 'Kcarlene', 'Hutchinson-Braun', 'karhutb@yahoo.com', '8764811383', 'kcarlenebraun_5.jpeg'),
(179, 'Ms', 'Samantha', 'Green', 'samanthagreen920@gmail.com', '8767900386', 'samanthagreen_1.jpeg'),
(180, 'Ms', 'Camede', 'Woodstock', 'camedelw@yahoo.com', '8764606647', 'IMG-20230722-WA0006.jpg'),
(181, 'Mrs', 'Kerri-Ann', 'Burgess-McKenzie', 'kerriannmckenzie876@gmail.com', '8763096623', 'IMG_20230722_174806.jpg'),
(182, 'Ms', 'Nicola', 'Gayle', 'gaylenicola33@yahoo.com', '8763481873', 'inbound5366307864173207103.jpg'),
(183, 'Ms', 'Michelle', 'Ranger', 'jevaunesmith44@gmail.com', '8764066111', '4DFFEE02-4DC4-4D4A-A636-0B11A684186C.jpeg'),
(184, 'Mr', 'Gerald', 'King', 'myronkingy@yahoo.com', '8768708718', 'inbound8945572150290080986.jpg'),
(185, 'Mrs', 'Shantelle', 'DavisBaker', 'shantelledavis55@yahoo.com', '8768208857', 'inbound8105875071065370989.jpg'),
(186, 'Ms', 'Dianna', 'Dunkley', 'dunkleydianna1988@yahoo.com', '8764290865', '20230724_221440.jpg'),
(187, 'Ms', 'Shanice', 'Robinson', 'nieceannrobinson@yahoo.com', '8765329652', 'image.jpg'),
(188, 'Mrs', 'Lorna', 'Murray', 'lornalegistermurray13@gmail.com', '8765411822', 'IMG-20230726-WA0004.jpg'),
(189, 'Ms', 'Susan', 'Hamilton', 'suhamilton1@hotmail.com', '8763935098', 'inbound1540949055960742853.jpg'),
(190, 'Ms', 'Monique', 'Willis', 'willismonique19@gmail.com', '8764751773', 'IMG-20230726-WA0030.jpg'),
(191, 'Ms', 'Britaney', 'Jenkins', 'britaneyj26@gmail.com', '8762863270', '1690429877409863639592064957048.jpg'),
(192, 'Mr', 'Shevar', 'Johnson', 'jshevar1@gmail.com', '8768052269', 'IMG_2150.jpeg'),
(193, 'Mr', 'Shevar', 'Johnson', 'jshevar1@gmail.com', '8768052269', 'IMG_2151.jpeg'),
(194, 'Ms', 'Shanay', 'Reid', 'reid.shanay05@yahoo.com', '8768879337', '20230726_160646.jpg'),
(195, 'Ms', 'Tara', 'Osborne', 'tiraetara@gmail.com', '8764475223', 'IMG_20230727_091628.jpg'),
(196, 'Ms', 'Tara', 'Osborne', 'tiraetara@gmail.com', '8764475223', 'IMG_20230727_091628.jpg'),
(197, 'Mr', 'Jason', 'Scott', 'monteivo1988@gmail.com', '8764564370', 'inbound3112920762242275063.jpg'),
(198, 'Ms', 'Suzann', 'Wright', 'suzannwright94@gmail.com', '8762635833', 'IMG_5433.jpeg'),
(199, 'Ms', 'Chenell', 'Johnson', 'chenell_j@hotmail.com', '8765655745', 'image.jpg'),
(200, 'Mrs', 'Sherriann', 'Williams', 'kemron426@gmail.com', '8763191350', '20230729_083315.jpg'),
(201, 'Ms', 'Lorna', 'Carty', 'lornacarty007@gmail.com', '8763121885', 'IMG_2159.jpeg'),
(202, 'Ms', 'Lorna', 'Carty', 'lornacarty007@gmail.com', '8763121885', 'IMG_2158.jpeg'),
(203, 'Ms', 'Shanay', 'Reid', 'reid.shanay05@yahoo.com', '8768879337', '20230729_093920.jpg'),
(204, 'Ms', 'Danelle', 'Frazer', 'danelle.frazer79@gmail.com', '8764290694', '20230729_144236.jpg'),
(205, 'Ms', 'Jeneil', 'Gaynor', 'gaynorjeneil07@gmail.com', '8765545182', 'jeneilgaynor_2.jpeg'),
(206, 'Ms', 'Shae-on', 'Green', 'shaeongreen@live.com', '8765873857', 'IMG_1128.jpeg'),
(207, 'Mrs', 'Dorraine', 'Gardner-Robinson', 'dorrainegardner@yahoo.com', '8765870299', 'Screenshot_20230729-163725_WhatsApp.jpg'),
(208, 'Mrs', 'Annette', 'Williams-Shea', 'bertanique40@gmail.com', '8765300403', 'Screenshot_20230729-164706.png'),
(209, 'Ms', 'Nova-Lee', 'Clarke', 'novalee_clarke@yahoo.com', '8768849811', 'IMG_20230729_174106.jpg'),
(210, 'Selec', 'Tanisha', 'Mair', 'tanishamair@gmail.com', '8765083145', '20230729_173102.jpg'),
(211, 'Mr', 'Bryan', 'Chu', 'bryan_chu@live.com', '8763141688', '16906889998631111528748591102722.jpg'),
(212, 'Ms', 'Tashaun', 'Burke', 'tashaunburke@gmail.com', '8763891784', '16907220381443076144150416483722.jpg'),
(213, 'Ms', 'Tashaun', 'Burke', 'tashaunburke@gmail.com', '8763891784', '16907220381443076144150416483722.jpg'),
(214, 'Ms', 'Dawnette', 'Spence', 'dawnetteholtspence@gmail.com', '8763220605', '16907299834383997095069661831887.jpg'),
(215, 'Mr', 'Ramone', 'Williams', 'sidonae.love@gmail.com', '8764740954', '20230730_174217.jpg'),
(216, 'Mr', 'Alisagay', 'Grant', 'alisagaygrant5@gmail.com', '8768587299', 'IMG_20230731_120706.jpg'),
(217, 'Mrs', 'Kameca', 'Walker-James', 'kwkamecawalker@gmail.com', '8764170791', 'IMG_20230731_140012.jpg'),
(218, 'Mrs', 'Rihanna', 'James', 'rihannaj378@gmail.com', '8764437230', 'IMG_20230731_140312.jpg'),
(219, 'Ms', 'Rihanna', 'James', 'rihannaj378@gmail.com', '8764437230', 'IMG_20230731_140615.jpg'),
(220, 'Ms', 'Chenell', 'Johnson', 'chenell_j@hotmail.com', '8765655745', 'image.jpg'),
(221, 'Ms', 'Dianna', 'Dunkley', 'dunkleydianna1988@yahoo.com', '8764290865', '20230801_080523.jpg'),
(222, 'Ms', 'Tracy-Ann', 'Williams', 'tawilliams884@gmail.com', '8764164684', '20230801_115128-1.jpg'),
(223, 'Mrs', 'Donna-Marie', 'Evans', 'e.donnamarie@yahoo.com', '8763986336', 'IMG-20230801-WA0006.jpg'),
(224, 'Ms', 'Angelica', 'Henry', 'angelica15sweets@gmail.com', '8764875835', '20230722_162714.jpg'),
(225, 'Ms', 'Natalie', 'Ross', 'NATLIEROSS@YAHOO.COM', '8764015380', '20230716_104401.jpg'),
(226, 'Mr', 'Jayson', 'Lawrence', 'lawrencejayson4@gmail.com', '8763514593', 'jaysonlawrence_1.jpeg'),
(227, 'Ms', 'Opal', 'Gordon', 'opalgordon570@gmail.com', '8764643781', 'opalgordon_1.jpeg'),
(228, 'Ms', 'Bathsheba', 'Harris', 'harrisbathsheba06@gmail.com', '8764847536', 'bathshebaharris_1.jpeg'),
(229, 'Ms', 'Navada', 'Smith', 'nvsmi22@gmail.com', '8765019376', 'navadasmith_1.jpeg'),
(230, 'Ms', 'Jodian', 'Blake', 'blakejodian700@gmail.com', '8763542062', 'jodianblake_2.jpeg'),
(231, 'Selec', 'Romen', 'Martin', 'romenmartin5@gmail.com', '8764489333', 'IMG-20230728-WA0007.jpg'),
(232, 'Mr', 'Ryan', 'Seaton', 'ryeseaton@gmail.com', '8765305555', 'ryanseaton_1.jpeg'),
(233, 'Ms', 'Lavarette', 'Sherwood', 'laveretteskeyes@gmail.com', '8765478121', 'lavarettesherwood_1.jpeg'),
(234, 'Ms', 'Ann-Marie', 'Grizzle', 'annmarie_grizzle@yahoo.com', '8768552079', 'annmariegrizzle_1.jpeg'),
(235, 'Ms', 'Ann-Marie', 'Grizzle', 'annmarie_grizzle@yahoo.com', '8768552079', 'annmariegrizzle_2.jpeg'),
(236, 'Ms', 'Michealia', 'Abrahams', 'michealiaabrahams@ymail.com', '8762856011', '20230730_205654.jpg'),
(237, 'Ms', 'Kerry-Ann', 'Thomas', 'angellakerrie@yahoo.com', '8763329385', 'kerrythomas_8.jpeg'),
(238, 'Mrs', 'Kadisha', 'Donaldson', 'kellis_paulesha@yahoo.com', '8763289956', 'IMG-20230729-WA0016.jpeg'),
(239, 'Mrs', 'Kadisha', 'Donaldson', 'kellis_paulesha@yahoo.com', '8763289956', 'IMG-20230729-WA0016.jpeg'),
(240, 'Ms', 'Sandra', 'Burrell', 'Sandraburrell85@gmail.com', '8764279770', 'sandraburrell_3.jpeg'),
(241, 'Ms', 'Sandra', 'Burrell', 'Sandraburrell85@gmail.com', '8764279770', 'sandraburrell_4.jpeg'),
(242, 'Ms', 'Sharnett', 'McNeil', 'samcneil72@yahoo.com', '8765436679', 'sharnettmcneil_2.jpeg'),
(243, 'Ms', 'Mary', 'Ellwood', 'maryfrancisellwood@gmail.com', '8765840236', 'maryellwood_2.jpeg'),
(244, 'Mrs', 'Kristen', 'Alexander-Morris', 'kristenalexander976@yahoo.com', '8764473465', '7EECAFAE-1CCB-40A2-A12E-B7F976A999B0.jpeg'),
(245, 'Mrs', 'Pauline', 'Hartley', 'hartleypauline@681gmail.com', '8764282657', '16909935656616724006228011896533.jpg'),
(246, 'Mrs', 'Nicola', 'Richards', 'nicolajohnson2016@yahoo.com', '8763998998', '16909983428343161304836474298134.jpg'),
(247, 'Mrs', 'Nicola', 'Richards', 'nicolajohnson2016@yahoo.com', '8763998998', '16909988634596981344216794669187.jpg'),
(248, 'Ms', 'Ashley', 'Douglas', 'ashleydouglas0505@gmail.com', '8764763226', '20230802_162854.jpg'),
(249, 'Ms', 'Cynthia', 'Russell', 'russellcynthia65@gmail.com', '8765751349', 'cynthiarussell_1.jpeg'),
(250, 'Ms', 'Cynthia', 'Russell', 'russellcynthia65@gmail.com', '8765751349', 'cynthiarussell_2.jpeg'),
(251, 'Ms', 'Cynthia', 'Russell', 'russellcynthia65@gmail.com', '8765751349', 'cynthiarussell_3.jpeg'),
(252, 'Ms', 'Cynthia', 'Russell', 'russellcynthia65@gmail.com', '8765751349', 'cynthiarussell_4.jpeg'),
(253, 'Ms', 'Cynthia', 'Russell', 'russellcynthia65@gmail.com', '8765751349', 'cynthiarussell_5.jpeg'),
(254, 'Ms', 'Cynthia', 'Russell', 'russellcynthia65@gmail.com', '8765751349', 'cynthiarussell_6.jpeg'),
(255, 'Ms', 'Cynthia', 'Russell', 'russellcynthia65@gmail.com', '8765751349', 'cynthiarussell_7.jpeg'),
(256, 'Ms', 'Terri-Ann', 'Williams', 'terriann83@hotmail.com', '8764862180', 'terriannwilliams_1.jpeg'),
(257, 'Mr', 'Paul', 'Gardener', 'Gardenerpaul399@gmail.com', '8763959998', 'paulgardener_1.jpeg'),
(258, 'Mr', 'Paul', 'Gardener', 'Gardenerpaul399@gmail.com', '8763959998', 'paulgardener_2.jpeg'),
(259, 'Mr', 'Paul', 'Gardener', 'Gardenerpaul399@gmail.com', '8763959998', 'paulgardener_3.jpeg'),
(260, 'Mr', 'Paul', 'Gardener', 'Gardenerpaul399@gmail.com', '8763959998', 'paulgardener_4.jpeg'),
(261, 'Ms', 'Sharnett', 'McNeil', 'samcneil72@yahoo.com', '8765436679', 'sharnettmcneil_3.jpeg'),
(262, 'Ms', 'Kadian', 'Miles', 'Kadianmiles3@gmail.com', '8765752736', 'kadianmiles_3.jpeg'),
(263, 'Ms', 'Ann-Marie', 'Grizzle', 'annmarie_grizzle@yahoo.com', '8768852079', 'annmariegrizzle_3.jpeg'),
(264, 'Mr', 'Neville', 'Newby', 'n3newby@gmail.com', '8764251684', 'nevillenewby_1.jpeg'),
(265, 'Ms', 'Samelia', 'Henry', 'henrysamelia16@gmail.com', '8768854534', 'sameliahenry_1.jpeg'),
(266, 'Ms', 'Nicole', 'Anderson', 'christinaelliot52@gmail.com', '8765221536', 'IMG_0707.jpeg'),
(267, 'Ms', 'Tedisha', 'Bedward', 'tedishabedward@gmail.com', '8765941037', '20230802_121448.jpg'),
(268, 'Ms', 'Tedisha', 'Bedward', 'tedishabedward@gmail.com', '8765941037', '20230802_121448.jpg'),
(269, 'Mr', 'Jason', 'Henry', 'jason.henry16@yahoo.com', '8768911750', 'IMG_7801.jpeg'),
(270, 'Mr', 'Andrew', 'Bambury', 'vadavell@yahoo.com', '8763604887', '20230804_011359.jpg'),
(271, 'Ms', 'Gina', 'Bell', 'sharonbella03@gmail.com', '8762978591', '20230803_142226.jpg'),
(272, 'Ms', 'Gina', 'Bell', 'sharonbella03@gmail.com', '8762978591', '20230803_142307.jpg'),
(273, 'Ms', 'Oshine', 'Alberga', 'foothoppy@gmail.com', '8762858157', 'Screenshot_20230804-091654.png'),
(274, 'Ms', 'Oshine', 'Alberga', 'foothoppy@gmail.com', '8762858157', 'Screenshot_20230804-091650.png'),
(275, 'Ms', 'Oshine', 'Alberga', 'foothoppy@gmail.com', '8762858157', 'Screenshot_20230804-091643.png'),
(276, 'Ms', 'Oshine', 'Alberga', 'foothoppy@gmail.com', '8762858157', 'Screenshot_20230804-091605.png'),
(277, 'Ms', 'Marvette', 'Campbell', 'britneymorris2@gmail.com', '8763329435', '16911911173305167111074593134350.jpg'),
(278, 'Ms', 'Marvette', 'Campbell', 'britneymorris2@gmail.com', '8763329435', '16911911173305167111074593134350.jpg'),
(279, 'Ms', 'Venessa', 'Brown', 'brownvc23@gmail.com', '8763234663', 'Competition_Receipt.jpg'),
(280, 'Ms', 'Dianna', 'Dunkley', 'dunkleydianna1988@yahoo.com', '8764290865', '20230805_053650.jpg'),
(281, 'Ms', 'Rihanna', 'James', 'rihannaj378@gmail.com', '8764437230', 'IMG_20230805_071734.jpg'),
(282, 'Ms', 'Tedisha', 'Bedward', 'tedishabedward@gmail.com', '8765941037', 'tedishabedward_1.jpeg'),
(283, 'Ms', 'Gina', 'Bell', 'Sharonbella03@gmail.com', '8762978591', 'ginabell_3.jpeg'),
(284, 'Ms', 'Maxine', 'Renford', 'maxinerenford@gmail.com', '8767995422', '16912563241081115451144.jpg'),
(285, 'Mrs', 'Marla-Kay', 'Richards-Russell', 'marlakayrichards@yahoo.com', '8768370740', 'IMG-20230804-WA0003.jpeg'),
(286, 'Ms', 'Chenel', 'Wallace', 'chenelwallace18@gmail.com', '8765222118', 'chenelwallace_1.jpeg'),
(287, 'Ms', 'Mary', 'Ellwood', 'maryfrancisellwood@gmail.com', '8765840236', 'maryellwood_3.jpeg'),
(288, 'Ms', 'Mary', 'Ellwood', 'maryfrancisellwood@gmail.com', '8765840236', 'maryellwood_4.jpeg'),
(289, 'Ms', 'Ann-Marie', 'Grizzle', 'annmarie_grizzle@yahoo.com', '8768852079', 'annmariegrizzle_4.jpeg'),
(290, 'Ms', 'Debbi-Ann', 'McKenzie', 'mckenziedebbi1979@gmail.com', '8764206638', 'IMG-20230805-WA0001.jpg'),
(291, 'Mr', 'Stacia', 'Foster', 'messiastacy54@gmail.com', '8762377461', 'IMG_20230804_142317.jpg'),
(292, 'Mr', 'Paul', 'Gardener', 'Gardenerpaul399@gmail.com', '8763959998', 'paulgardener_5.jpeg'),
(293, 'Mr', 'Paul', 'Gardener', 'Gardenerpaul399@gmail.com', '8763959998', 'paulgardener_6.jpeg'),
(294, 'Mr', 'Paul', 'Gardener', 'Gardenerpaul399@gmail.com', '8763959998', 'paulgardener_7.jpeg'),
(295, 'Mr', 'Paul', 'Gardener', 'Gardenerpaul399@gmail.com', '8763959998', 'paulgardener_8.jpeg'),
(296, 'Ms', 'Myris', 'Williams', 'myriswilliams74@gmail.com', '8767871646', '16912573900892570362178935754957.jpg'),
(297, 'Ms', 'Alecien', 'Baugh', 'ioniemartin88@gmail.com', '8767899910', 'EEB16703-CFA8-4FB0-B8B3-0EF384167067.jpeg'),
(298, 'Ms', 'DENISE', 'WONG', 'd_alwong@yahoo.com', '8768440316', 'IMG-20230805-WA0002.jpeg'),
(299, 'Ms', 'DENISE', 'WONG', 'd_alwong@yahoo.com', '8768440316', 'IMG-20230805-WA0002.jpeg'),
(300, 'Ms', 'Cornelia', 'Smalling', 'corneliasmalling@gmail.com', '8764088239', 'IMG_20230805_123640.jpg'),
(301, 'Ms', 'Tanisha', 'Edwards', 'tanishaedwards328@gmail.com', '8765302034', 'IMG-20230805-WA0003.jpeg'),
(302, 'Ms', 'Lasine', 'Watson', 'boocandy878@gmail.com', '8769977588', 'IMG-20230805-WA0000.jpeg'),
(303, 'Ms', 'Olivia', 'Reid', 'alecia.reid27@gmail.com', '8764451814', 'IMG-20230805-WA0001.jpeg'),
(304, 'Ms', 'Tanisha', 'Edwards', 'tanishaedwards328@gmail.com', '8765302034', 'IMG-20230805-WA0003.jpeg'),
(305, 'Ms', 'Tanisha', 'Edwards', 'tanishaedwards328@gmail.com', '8765302034', 'IMG-20230805-WA0003.jpeg'),
(306, 'Ms', 'Tanisha', 'Edwards', 'tanishaedwards328@gmail.com', '8765302034', 'IMG-20230805-WA0003.jpeg'),
(307, 'Ms', 'Julene', 'Medwinter', 'julenemedwinter23@gmail.com', '8768512361', 'IMG-20230804-WA0000.jpg'),
(308, 'Ms', 'Dashalee', 'Banton', 'dashaleebanton8@gmail.com', '8764875066', '20230804_183033.jpg'),
(309, 'Mr', 'Oshane', 'Radcliff', 'oshane.radcliffe@gmail.com', '8765674556', 'IMG-20230804-WA0078.jpg'),
(310, 'Mrs', 'Kadeal', 'Connell', 'kadealconnell@gmail.com', '8764896767', '16912666414011593012728103549282.jpg'),
(311, 'Mr', 'Unique', 'Filename-Test', 'info@xclusivdigital.com', '8767846211', 'PSP000310_20230724_152040.jpg'),
(312, 'Ms', 'Loraine', 'Williams', 'lorainewilliams70@gmail.com', '8762965730', 'PSP000311_EA9961A5-9684-4040-A8E9-F28BFD6E9576.jpeg'),
(313, 'Mr', 'Duan', 'Vernon', 'duanvernonliwes@gmail.com', '8762068757', 'PSP000312_20230805_125750_HDR.jpg'),
(314, 'Ms', 'Takaya', 'Sinclair', 'takayasinclair04@gmail.com', '8763710707', 'PSP000313_IMG_9793.jpeg'),
(315, 'Mr', 'Lynford', 'Mckenzie', 'stevemckenzie626@gmail.com', '8765684371', 'PSP000314_20230805_124950.jpg'),
(316, 'Ms', 'ALTHEA', 'TULLOCH', 'tullochalthea10@gmail.com', '8764920926', 'PSP000315_16912889929401482240756008673203.jpg'),
(317, 'Ms', 'ALTHEA', 'TULLOCH', 'tullochalthea10@gmail.com', '8764920926', 'PSP000316_16912892345219069858552423702535.jpg'),
(318, 'Ms', 'Rushell', 'Burchell', 'rushellburchell@gmail.com', '8762850679', 'PSP000317_D200D2CE-0A14-4187-BD03-A779C3762EC5.jpeg'),
(319, 'Ms', 'Carissa', 'Reid', 'carissareid01@gmail.com', '8767703639', 'PSP000318_carissareid_3.jpeg'),
(320, 'Ms', 'Carissa', 'Reid', 'carissareid01@gmail.com', '8767703639', 'PSP000319_carissareid_4.jpeg'),
(321, 'Ms', 'Andrea', 'Gayle', 'anngayle@hotmail.com', '8763147104', 'PSP000320_20230806_164515.jpg'),
(322, 'Ms', 'Dawnette', 'Spence', 'dawnetteholtspence@gmail.com', '8763220605', 'PSP000321_20230806_211944.jpg'),
(323, 'Ms', 'Andrea', 'Gayle', 'anngayle@hotmail.com', '8763147104', 'PSP000322_16913760600483022791677713134477.jpg'),
(324, 'Mrs', 'Donique', 'Wint', 'donique_fuller211@yahoo.com', '8767906268', 'PSP000323_1691426704458486237522.jpg'),
(325, 'Mrs', 'Annmarie', 'Needham', 'Needhama086@gmail.com', '8768420378', 'PSP000324_IMG-20230807-WA0003.jpeg'),
(326, 'Ms', 'Ashley', 'Douglas', 'ashleydouglas0505@gmail.com', '8764763226', 'PSP000325_InShot_20230807_155437142.jpg'),
(327, 'Ms', 'Ashley', 'Douglas', 'ashleydouglas0505@gmail.com', '8764763226', 'PSP000326_InShot_20230807_155950625.jpg'),
(328, 'Ms', 'Ashley', 'Douglas', 'ashleydouglas0505@gmail.com', '8764763226', 'PSP000327_20230805_203209.jpg'),
(329, 'Ms', 'Nikesha', 'Griffiths', 'Griffithsnickesha@yahoo.com', '8767842506', 'PSP000328_16914565275606921973781437697097.jpg'),
(330, 'Ms', 'Nikesha', 'Griffiths', 'Griffithsnickesha@yahoo.com', '8767842506', 'PSP000329_16914565275606921973781437697097.jpg'),
(331, 'Mr', 'Paul', 'Gardener', 'Gardenerpaul399@gmail.com', '8763959998', 'PSP000330_paulgardener_9.jpeg'),
(332, 'Mr', 'Paul', 'Gardener', 'Gardenerpaul399@gmail.com', '8763959998', 'PSP000331_paulgardener_10.jpeg'),
(333, 'Mr', 'Paul', 'Gardener', 'Gardenerpaul399@gmail.com', '8763959998', 'PSP000332_paulgardener_11.jpeg');

-- --------------------------------------------------------

--
-- Table structure for table `PureScholars_Submissions`
--

CREATE TABLE `PureScholars_Submissions` (
  `id` int NOT NULL,
  `form_id` int NOT NULL,
  `reference_number` varchar(20) CHARACTER SET utf8mb4 COLLATE utf8mb4_unicode_ci NOT NULL,
  `date_created` datetime NOT NULL
) ENGINE=InnoDB DEFAULT CHARSET=utf8mb4 COLLATE=utf8mb4_unicode_ci;

--
-- Dumping data for table `PureScholars_Submissions`
--

INSERT INTO `PureScholars_Submissions` (`id`, `form_id`, `reference_number`, `date_created`) VALUES
(1, 1, 'PSP000000', '2023-06-05 21:06:51'),
(2, 2, 'PSP000001', '2023-06-13 13:14:23'),
(3, 3, 'PSP000002', '2023-06-14 08:01:08'),
(4, 4, 'PSP000003', '2023-06-14 08:01:21'),
(5, 5, 'PSP000004', '2023-06-14 08:04:36'),
(6, 6, 'PSP000005', '2023-06-14 12:15:08'),
(7, 7, 'PSP000006', '2023-06-15 19:01:55'),
(8, 8, 'PSP000007', '2023-06-16 18:07:52'),
(9, 9, 'PSP000008', '2023-06-16 18:09:01'),
(10, 10, 'PSP000009', '2023-06-20 15:22:26'),
(11, 11, 'PSP000010', '2023-06-21 09:17:18'),
(12, 12, 'PSP000011', '2023-06-22 15:59:40'),
(13, 13, 'PSP000012', '2023-06-23 19:01:51'),
(14, 14, 'PSP000013', '2023-06-23 19:05:14'),
(15, 15, 'PSP000014', '2023-06-24 19:26:44'),
(16, 16, 'PSP000015', '2023-06-25 22:31:00'),
(17, 17, 'PSP000016', '2023-06-26 22:54:38'),
(18, 18, 'PSP000017', '2023-06-27 05:54:02'),
(19, 19, 'PSP000018', '2023-06-27 05:55:30'),
(20, 20, 'PSP000019', '2023-06-27 06:33:38'),
(21, 21, 'PSP000020', '2023-06-27 15:55:48'),
(22, 22, 'PSP000021', '2023-06-27 19:57:37'),
(23, 23, 'PSP000022', '2023-06-27 23:18:32'),
(24, 24, 'PSP000023', '2023-06-29 01:15:01'),
(25, 25, 'PSP000024', '2023-06-29 02:46:03'),
(26, 26, 'PSP000025', '2023-06-29 13:35:26'),
(27, 27, 'PSP000026', '2023-06-30 13:00:39'),
(28, 28, 'PSP000027', '2023-06-30 13:10:14'),
(29, 29, 'PSP000028', '2023-06-30 18:37:38'),
(30, 30, 'PSP000029', '2023-07-01 20:48:50'),
(31, 31, 'PSP000030', '2023-07-01 20:57:46'),
(32, 32, 'PSP000031', '2023-07-02 13:38:06'),
(33, 33, 'PSP000032', '2023-07-04 05:58:41'),
(34, 34, 'PSP000033', '2023-07-04 13:39:46'),
(35, 35, 'PSP000034', '2023-07-04 13:40:24'),
(36, 36, 'PSP000035', '2023-07-04 16:06:39'),
(37, 37, 'PSP000036', '2023-07-04 18:17:38'),
(38, 38, 'PSP000037', '2023-07-04 19:22:55'),
(39, 39, 'PSP000038', '2023-07-04 20:23:33'),
(40, 40, 'PSP000039', '2023-07-05 06:16:09'),
(41, 41, 'PSP000040', '2023-07-05 10:13:33'),
(42, 42, 'PSP000041', '2023-07-05 10:27:34'),
(43, 43, 'PSP000042', '2023-07-05 10:29:24'),
(44, 44, 'PSP000043', '2023-07-05 11:30:52'),
(45, 45, 'PSP000044', '2023-07-05 14:02:16'),
(46, 46, 'PSP000045', '2023-07-05 17:59:19'),
(47, 47, 'PSP000046', '2023-07-05 19:26:23'),
(48, 48, 'PSP000047', '2023-07-05 19:43:34'),
(49, 49, 'PSP000048', '2023-07-05 22:19:37'),
(50, 50, 'PSP000049', '2023-07-05 23:51:24'),
(51, 51, 'PSP000050', '2023-07-06 04:35:54'),
(52, 52, 'PSP000051', '2023-07-06 16:58:15'),
(53, 53, 'PSP000052', '2023-07-07 10:40:19'),
(54, 54, 'PSP000053', '2023-07-07 13:50:24'),
(55, 55, 'PSP000054', '2023-07-07 13:59:51'),
(56, 56, 'PSP000055', '2023-07-07 15:25:10'),
(57, 57, 'PSP000056', '2023-07-08 09:53:27'),
(58, 58, 'PSP000057', '2023-07-08 20:11:40'),
(59, 59, 'PSP000058', '2023-07-08 20:17:31'),
(60, 60, 'PSP000059', '2023-07-08 20:21:03'),
(61, 61, 'PSP000060', '2023-07-08 21:56:12'),
(62, 62, 'PSP000061', '2023-07-08 21:56:52'),
(63, 63, 'PSP000062', '2023-07-09 01:21:07'),
(64, 64, 'PSP000063', '2023-07-09 03:07:06'),
(65, 65, 'PSP000064', '2023-07-09 11:24:41'),
(66, 66, 'PSP000065', '2023-07-09 11:33:37'),
(67, 67, 'PSP000066', '2023-07-09 11:46:22'),
(68, 68, 'PSP000067', '2023-07-09 11:47:07'),
(69, 69, 'PSP000068', '2023-07-09 12:12:11'),
(70, 70, 'PSP000069', '2023-07-09 12:29:18'),
(71, 71, 'PSP000070', '2023-07-09 12:33:16'),
(72, 72, 'PSP000071', '2023-07-09 12:41:05'),
(73, 73, 'PSP000072', '2023-07-09 12:44:11'),
(74, 74, 'PSP000073', '2023-07-09 12:46:28'),
(75, 75, 'PSP000074', '2023-07-09 12:58:21'),
(76, 76, 'PSP000075', '2023-07-09 12:59:23'),
(77, 77, 'PSP000076', '2023-07-09 12:59:57'),
(78, 78, 'PSP000077', '2023-07-09 13:00:30'),
(79, 79, 'PSP000078', '2023-07-09 13:04:19'),
(80, 80, 'PSP000079', '2023-07-09 13:14:54'),
(81, 81, 'PSP000080', '2023-07-09 13:34:01'),
(82, 82, 'PSP000081', '2023-07-09 13:57:55'),
(83, 83, 'PSP000082', '2023-07-09 13:58:26'),
(84, 84, 'PSP000083', '2023-07-09 14:23:16'),
(85, 85, 'PSP000084', '2023-07-09 14:24:32'),
(86, 86, 'PSP000085', '2023-07-09 14:28:35'),
(87, 87, 'PSP000086', '2023-07-09 14:30:30'),
(88, 88, 'PSP000087', '2023-07-09 14:34:03'),
(89, 89, 'PSP000088', '2023-07-09 14:34:21'),
(90, 90, 'PSP000089', '2023-07-09 14:54:42'),
(91, 91, 'PSP000090', '2023-07-09 14:58:23'),
(92, 92, 'PSP000091', '2023-07-09 15:01:04'),
(93, 93, 'PSP000092', '2023-07-09 15:06:30'),
(94, 94, 'PSP000093', '2023-07-09 15:07:32'),
(95, 95, 'PSP000094', '2023-07-09 15:09:13'),
(96, 96, 'PSP000095', '2023-07-09 15:21:27'),
(97, 97, 'PSP000096', '2023-07-09 15:22:05'),
(98, 98, 'PSP000097', '2023-07-09 15:31:33'),
(99, 99, 'PSP000098', '2023-07-09 15:33:31'),
(100, 100, 'PSP000099', '2023-07-09 15:36:19'),
(101, 101, 'PSP000100', '2023-07-09 15:38:16'),
(102, 102, 'PSP000101', '2023-07-09 15:46:59'),
(103, 103, 'PSP000102', '2023-07-09 15:53:52'),
(104, 104, 'PSP000103', '2023-07-09 15:56:02'),
(105, 105, 'PSP000104', '2023-07-09 15:56:47'),
(106, 106, 'PSP000105', '2023-07-09 15:57:27'),
(107, 107, 'PSP000106', '2023-07-09 18:25:06'),
(109, 109, 'PSP000108', '2023-07-10 09:45:00'),
(110, 110, 'PSP000109', '2023-07-10 09:47:33'),
(111, 111, 'PSP000110', '2023-07-10 11:15:27'),
(112, 112, 'PSP000111', '2023-07-10 16:12:03'),
(113, 113, 'PSP000112', '2023-07-11 09:30:04'),
(114, 114, 'PSP000113', '2023-07-11 21:55:50'),
(115, 115, 'PSP000114', '2023-07-11 23:20:30'),
(116, 116, 'PSP000115', '2023-07-12 09:42:06'),
(117, 117, 'PSP000116', '2023-07-12 09:44:42'),
(118, 118, 'PSP000117', '2023-07-12 09:48:55'),
(119, 119, 'PSP000118', '2023-07-13 19:31:28'),
(120, 120, 'PSP000119', '2023-07-13 22:05:31'),
(121, 121, 'PSP000120', '2023-07-14 13:26:02'),
(122, 122, 'PSP000121', '2023-07-14 14:34:39'),
(123, 123, 'PSP000122', '2023-07-15 17:02:34'),
(124, 124, 'PSP000123', '2023-07-15 17:54:44'),
(125, 125, 'PSP000124', '2023-07-15 18:40:00'),
(126, 126, 'PSP000125', '2023-07-15 18:41:48'),
(127, 127, 'PSP000126', '2023-07-15 18:58:08'),
(128, 128, 'PSP000127', '2023-07-15 20:23:16'),
(129, 129, 'PSP000128', '2023-07-15 20:24:31'),
(130, 130, 'PSP000129', '2023-07-16 01:45:50'),
(131, 131, 'PSP000130', '2023-07-16 10:53:46'),
(132, 132, 'PSP000131', '2023-07-16 14:31:08'),
(133, 133, 'PSP000132', '2023-07-16 14:39:04'),
(134, 134, 'PSP000133', '2023-07-16 16:36:17'),
(135, 135, 'PSP000134', '2023-07-16 16:41:10'),
(136, 136, 'PSP000135', '2023-07-16 16:44:41'),
(137, 137, 'PSP000136', '2023-07-16 16:46:34'),
(138, 138, 'PSP000137', '2023-07-16 16:48:02'),
(139, 139, 'PSP000138', '2023-07-16 16:53:53'),
(140, 140, 'PSP000139', '2023-07-16 16:55:33'),
(141, 141, 'PSP000140', '2023-07-16 16:58:30'),
(142, 142, 'PSP000141', '2023-07-16 16:59:04'),
(143, 143, 'PSP000142', '2023-07-16 17:03:42'),
(144, 144, 'PSP000143', '2023-07-16 17:07:32'),
(145, 145, 'PSP000144', '2023-07-16 17:08:16'),
(146, 146, 'PSP000145', '2023-07-16 17:08:57'),
(147, 147, 'PSP000146', '2023-07-16 18:02:24'),
(148, 148, 'PSP000147', '2023-07-16 18:20:21'),
(149, 149, 'PSP000148', '2023-07-16 19:48:20'),
(150, 150, 'PSP000149', '2023-07-16 19:48:48'),
(151, 151, 'PSP000150', '2023-07-16 19:49:20'),
(152, 152, 'PSP000151', '2023-07-16 22:43:02'),
(153, 153, 'PSP000152', '2023-07-16 22:43:29'),
(154, 154, 'PSP000153', '2023-07-17 08:45:10'),
(155, 155, 'PSP000154', '2023-07-17 12:38:04'),
(156, 156, 'PSP000155', '2023-07-17 12:39:34'),
(157, 157, 'PSP000156', '2023-07-17 19:52:36'),
(158, 158, 'PSP000157', '2023-07-17 20:36:12'),
(159, 159, 'PSP000158', '2023-07-17 20:37:19'),
(160, 160, 'PSP000159', '2023-07-19 13:20:20'),
(161, 161, 'PSP000160', '2023-07-19 22:18:29'),
(162, 162, 'PSP000161', '2023-07-20 07:08:41'),
(163, 163, 'PSP000162', '2023-07-20 10:05:06'),
(164, 164, 'PSP000163', '2023-07-20 10:10:02'),
(165, 165, 'PSP000164', '2023-07-20 10:10:37'),
(166, 166, 'PSP000165', '2023-07-20 10:25:23'),
(167, 167, 'PSP000166', '2023-07-20 10:30:30'),
(168, 168, 'PSP000167', '2023-07-20 10:32:49'),
(169, 169, 'PSP000168', '2023-07-20 10:34:18'),
(170, 170, 'PSP000169', '2023-07-20 10:52:27'),
(171, 171, 'PSP000170', '2023-07-20 11:57:59'),
(172, 172, 'PSP000171', '2023-07-20 13:27:47'),
(173, 173, 'PSP000172', '2023-07-21 22:36:59'),
(174, 174, 'PSP000173', '2023-07-22 13:13:59'),
(175, 175, 'PSP000174', '2023-07-22 13:18:45'),
(176, 176, 'PSP000175', '2023-07-22 13:19:39'),
(177, 177, 'PSP000176', '2023-07-22 13:20:47'),
(178, 178, 'PSP000177', '2023-07-22 13:22:52'),
(179, 179, 'PSP000178', '2023-07-22 13:26:16'),
(180, 180, 'PSP000179', '2023-07-22 16:45:41'),
(181, 181, 'PSP000180', '2023-07-23 02:15:44'),
(182, 182, 'PSP000181', '2023-07-23 13:15:38'),
(183, 183, 'PSP000182', '2023-07-23 15:50:39'),
(184, 184, 'PSP000183', '2023-07-24 13:05:29'),
(185, 185, 'PSP000184', '2023-07-24 22:44:40'),
(186, 186, 'PSP000185', '2023-07-24 23:25:17'),
(187, 187, 'PSP000186', '2023-07-26 13:12:37'),
(188, 188, 'PSP000187', '2023-07-26 16:02:11'),
(189, 189, 'PSP000188', '2023-07-26 17:01:32'),
(190, 190, 'PSP000189', '2023-07-26 17:17:58'),
(191, 191, 'PSP000190', '2023-07-26 23:52:05'),
(192, 192, 'PSP000191', '2023-07-27 00:22:31'),
(193, 193, 'PSP000192', '2023-07-27 00:24:22'),
(194, 194, 'PSP000193', '2023-07-27 08:06:09'),
(195, 195, 'PSP000194', '2023-07-27 11:19:26'),
(196, 196, 'PSP000195', '2023-07-27 11:19:50'),
(197, 197, 'PSP000196', '2023-07-27 12:27:39'),
(198, 198, 'PSP000197', '2023-07-28 18:12:06'),
(199, 199, 'PSP000198', '2023-07-28 19:33:32'),
(200, 200, 'PSP000199', '2023-07-29 09:34:44'),
(201, 201, 'PSP000200', '2023-07-29 10:50:03'),
(202, 202, 'PSP000201', '2023-07-29 10:50:57'),
(203, 203, 'PSP000202', '2023-07-29 11:41:22'),
(204, 204, 'PSP000203', '2023-07-29 15:44:33'),
(205, 205, 'PSP000204', '2023-07-29 17:30:02'),
(206, 206, 'PSP000205', '2023-07-29 17:35:34'),
(207, 207, 'PSP000206', '2023-07-29 17:39:12'),
(208, 208, 'PSP000207', '2023-07-29 17:48:46'),
(209, 209, 'PSP000208', '2023-07-29 18:48:54'),
(210, 210, 'PSP000209', '2023-07-29 20:38:03'),
(211, 211, 'PSP000210', '2023-07-29 23:50:27'),
(212, 212, 'PSP000211', '2023-07-30 09:03:32'),
(213, 213, 'PSP000212', '2023-07-30 09:04:09'),
(214, 214, 'PSP000213', '2023-07-30 11:13:36'),
(215, 215, 'PSP000214', '2023-07-30 18:43:46'),
(216, 216, 'PSP000215', '2023-07-31 13:08:56'),
(217, 217, 'PSP000216', '2023-07-31 15:02:00'),
(218, 218, 'PSP000217', '2023-07-31 15:04:59'),
(219, 219, 'PSP000218', '2023-07-31 15:07:48'),
(220, 220, 'PSP000219', '2023-07-31 21:35:57'),
(221, 221, 'PSP000220', '2023-08-01 09:19:51'),
(222, 222, 'PSP000221', '2023-08-01 12:58:31'),
(223, 223, 'PSP000222', '2023-08-01 14:53:10'),
(224, 224, 'PSP000223', '2023-08-01 20:48:08'),
(225, 225, 'PSP000224', '2023-08-01 21:38:08'),
(226, 226, 'PSP000225', '2023-08-02 10:00:38'),
(227, 227, 'PSP000226', '2023-08-02 10:04:07'),
(228, 228, 'PSP000227', '2023-08-02 10:18:19'),
(229, 229, 'PSP000228', '2023-08-02 10:22:39'),
(230, 230, 'PSP000229', '2023-08-02 10:26:07'),
(231, 231, 'PSP000230', '2023-08-02 10:27:11'),
(232, 232, 'PSP000231', '2023-08-02 10:27:13'),
(233, 233, 'PSP000232', '2023-08-02 10:29:05'),
(234, 234, 'PSP000233', '2023-08-02 10:32:50'),
(235, 235, 'PSP000234', '2023-08-02 10:33:30'),
(236, 236, 'PSP000235', '2023-08-02 10:35:47'),
(237, 237, 'PSP000236', '2023-08-02 10:36:01'),
(238, 238, 'PSP000237', '2023-08-02 10:36:43'),
(239, 239, 'PSP000238', '2023-08-02 10:36:48'),
(240, 240, 'PSP000239', '2023-08-02 10:37:41'),
(241, 241, 'PSP000240', '2023-08-02 10:38:16'),
(242, 242, 'PSP000241', '2023-08-02 10:41:45'),
(243, 243, 'PSP000242', '2023-08-02 10:42:51'),
(244, 244, 'PSP000243', '2023-08-02 11:09:07'),
(245, 245, 'PSP000244', '2023-08-02 12:28:11'),
(246, 246, 'PSP000245', '2023-08-02 13:52:02'),
(247, 247, 'PSP000246', '2023-08-02 13:56:11'),
(248, 248, 'PSP000247', '2023-08-02 17:31:44'),
(249, 249, 'PSP000248', '2023-08-03 10:46:53'),
(250, 250, 'PSP000249', '2023-08-03 10:47:01'),
(251, 251, 'PSP000250', '2023-08-03 10:47:08'),
(252, 252, 'PSP000251', '2023-08-03 10:47:24'),
(253, 253, 'PSP000252', '2023-08-03 10:47:38'),
(254, 254, 'PSP000253', '2023-08-03 10:47:45'),
(255, 255, 'PSP000254', '2023-08-03 10:47:53'),
(256, 256, 'PSP000255', '2023-08-03 10:55:01'),
(257, 257, 'PSP000256', '2023-08-03 10:57:10'),
(258, 258, 'PSP000257', '2023-08-03 10:57:17'),
(259, 259, 'PSP000258', '2023-08-03 10:57:24'),
(260, 260, 'PSP000259', '2023-08-03 10:57:30'),
(261, 261, 'PSP000260', '2023-08-03 10:59:21'),
(262, 262, 'PSP000261', '2023-08-03 11:03:56'),
(263, 263, 'PSP000262', '2023-08-03 11:05:31'),
(264, 264, 'PSP000263', '2023-08-03 11:06:41'),
(265, 265, 'PSP000264', '2023-08-03 11:09:03'),
(266, 266, 'PSP000265', '2023-08-03 11:09:33'),
(267, 267, 'PSP000266', '2023-08-03 11:24:01'),
(268, 268, 'PSP000267', '2023-08-03 11:24:11'),
(269, 269, 'PSP000268', '2023-08-03 15:41:52'),
(270, 270, 'PSP000269', '2023-08-04 02:25:20'),
(271, 271, 'PSP000270', '2023-08-04 10:00:06'),
(272, 272, 'PSP000271', '2023-08-04 10:01:46'),
(273, 273, 'PSP000272', '2023-08-04 10:25:57'),
(274, 274, 'PSP000273', '2023-08-04 10:26:58'),
(275, 275, 'PSP000274', '2023-08-04 10:27:59'),
(276, 276, 'PSP000275', '2023-08-04 10:28:58'),
(277, 277, 'PSP000276', '2023-08-04 19:23:13'),
(278, 278, 'PSP000277', '2023-08-04 19:26:14'),
(279, 279, 'PSP000278', '2023-08-04 23:18:38'),
(280, 280, 'PSP000279', '2023-08-05 06:39:16'),
(281, 281, 'PSP000280', '2023-08-05 08:19:04'),
(282, 282, 'PSP000281', '2023-08-05 13:25:03'),
(283, 283, 'PSP000282', '2023-08-05 13:26:14'),
(284, 284, 'PSP000283', '2023-08-05 13:27:05'),
(285, 285, 'PSP000284', '2023-08-05 13:27:08'),
(286, 286, 'PSP000285', '2023-08-05 13:27:57'),
(287, 287, 'PSP000286', '2023-08-05 13:32:44'),
(288, 288, 'PSP000287', '2023-08-05 13:32:46'),
(289, 289, 'PSP000288', '2023-08-05 13:39:34'),
(290, 290, 'PSP000289', '2023-08-05 13:39:41'),
(291, 291, 'PSP000290', '2023-08-05 13:40:37'),
(292, 292, 'PSP000291', '2023-08-05 13:42:51'),
(293, 293, 'PSP000292', '2023-08-05 13:43:00'),
(294, 294, 'PSP000293', '2023-08-05 13:43:08'),
(295, 295, 'PSP000294', '2023-08-05 13:43:20'),
(296, 296, 'PSP000295', '2023-08-05 13:44:27'),
(297, 297, 'PSP000296', '2023-08-05 13:47:37'),
(298, 298, 'PSP000297', '2023-08-05 14:01:16'),
(299, 299, 'PSP000298', '2023-08-05 14:01:22'),
(300, 300, 'PSP000299', '2023-08-05 14:07:22'),
(301, 301, 'PSP000300', '2023-08-05 14:56:26'),
(302, 302, 'PSP000301', '2023-08-05 14:57:05'),
(303, 303, 'PSP000302', '2023-08-05 14:58:07'),
(304, 304, 'PSP000303', '2023-08-05 15:00:24'),
(305, 305, 'PSP000304', '2023-08-05 15:00:29'),
(306, 306, 'PSP000305', '2023-08-05 15:00:55'),
(307, 307, 'PSP000306', '2023-08-05 15:03:17'),
(308, 308, 'PSP000307', '2023-08-05 15:03:40'),
(309, 309, 'PSP000308', '2023-08-05 15:29:01'),
(310, 310, 'PSP000309', '2023-08-05 16:20:03'),
(311, 311, 'PSP000310', '2023-08-05 16:41:41'),
(312, 312, 'PSP000311', '2023-08-05 17:46:43'),
(313, 313, 'PSP000312', '2023-08-05 17:47:26'),
(314, 314, 'PSP000313', '2023-08-05 20:01:17'),
(315, 315, 'PSP000314', '2023-08-05 20:43:22'),
(316, 316, 'PSP000315', '2023-08-05 22:31:50'),
(317, 317, 'PSP000316', '2023-08-05 22:34:31'),
(318, 318, 'PSP000317', '2023-08-05 23:02:44'),
(319, 319, 'PSP000318', '2023-08-05 23:03:29'),
(320, 320, 'PSP000319', '2023-08-05 23:03:58'),
(321, 321, 'PSP000320', '2023-08-06 20:28:21'),
(322, 322, 'PSP000321', '2023-08-06 22:21:20'),
(323, 323, 'PSP000322', '2023-08-06 22:41:39'),
(324, 324, 'PSP000323', '2023-08-07 12:45:50'),
(325, 325, 'PSP000324', '2023-08-07 14:35:06'),
(326, 326, 'PSP000325', '2023-08-07 16:55:30'),
(327, 327, 'PSP000326', '2023-08-07 17:00:36'),
(328, 328, 'PSP000327', '2023-08-07 20:49:57'),
(329, 329, 'PSP000328', '2023-08-07 21:03:32'),
(330, 330, 'PSP000329', '2023-08-07 21:03:37'),
(331, 331, 'PSP000330', '2023-08-07 21:15:42'),
(332, 332, 'PSP000331', '2023-08-07 21:15:48'),
(333, 333, 'PSP000332', '2023-08-07 21:15:54');

--
-- Indexes for dumped tables
--

--
-- Indexes for table `Promotion_Names`
--
ALTER TABLE `Promotion_Names`
  ADD PRIMARY KEY (`id`);

--
-- Indexes for table `PureMoneyChristmas_Forms`
--
ALTER TABLE `PureMoneyChristmas_Forms`
  ADD PRIMARY KEY (`id`);

--
-- Indexes for table `PureMoneyChristmas_Submissions`
--
ALTER TABLE `PureMoneyChristmas_Submissions`
  ADD PRIMARY KEY (`id`),
  ADD KEY `form_id` (`form_id`);

--
-- Indexes for table `PureScholars_Forms`
--
ALTER TABLE `PureScholars_Forms`
  ADD PRIMARY KEY (`id`);

--
-- Indexes for table `PureScholars_Submissions`
--
ALTER TABLE `PureScholars_Submissions`
  ADD PRIMARY KEY (`id`),
  ADD KEY `form_id` (`form_id`);

--
-- AUTO_INCREMENT for dumped tables
--

--
-- AUTO_INCREMENT for table `Promotion_Names`
--
ALTER TABLE `Promotion_Names`
  MODIFY `id` int NOT NULL AUTO_INCREMENT, AUTO_INCREMENT=3;

--
-- AUTO_INCREMENT for table `PureMoneyChristmas_Forms`
--
ALTER TABLE `PureMoneyChristmas_Forms`
  MODIFY `id` int NOT NULL AUTO_INCREMENT, AUTO_INCREMENT=108;

--
-- AUTO_INCREMENT for table `PureMoneyChristmas_Submissions`
--
ALTER TABLE `PureMoneyChristmas_Submissions`
  MODIFY `id` int NOT NULL AUTO_INCREMENT, AUTO_INCREMENT=108;

--
-- AUTO_INCREMENT for table `PureScholars_Forms`
--
ALTER TABLE `PureScholars_Forms`
  MODIFY `id` int NOT NULL AUTO_INCREMENT, AUTO_INCREMENT=334;

--
-- AUTO_INCREMENT for table `PureScholars_Submissions`
--
ALTER TABLE `PureScholars_Submissions`
  MODIFY `id` int NOT NULL AUTO_INCREMENT, AUTO_INCREMENT=334;

--
-- Constraints for dumped tables
--

--
-- Constraints for table `PureMoneyChristmas_Submissions`
--
ALTER TABLE `PureMoneyChristmas_Submissions`
  ADD CONSTRAINT `PureMoneyChristmas_Submissions_ibfk_1` FOREIGN KEY (`form_id`) REFERENCES `PureMoneyChristmas_Forms` (`id`);

--
-- Constraints for table `PureScholars_Submissions`
--
ALTER TABLE `PureScholars_Submissions`
  ADD CONSTRAINT `PureScholars_Submissions_ibfk_1` FOREIGN KEY (`form_id`) REFERENCES `PureScholars_Forms` (`id`);
COMMIT;

/*!40101 SET CHARACTER_SET_CLIENT=@OLD_CHARACTER_SET_CLIENT */;
/*!40101 SET CHARACTER_SET_RESULTS=@OLD_CHARACTER_SET_RESULTS */;
/*!40101 SET COLLATION_CONNECTION=@OLD_COLLATION_CONNECTION */;
